critic_name,critic_cn,critic_org
Simon Abrams, Freelance film critic,US
Sam Adams, Freelance film critic,US
Thelma Adams, Freelance film critic,US
Arturo Aguilar, Rolling Stone Mexico,Mexico
Matthew Anderson, BBC Culture,UK
Tim Appelo, The Wrap,US
Adriano Aprà, Film historian,Italy
Michael Arbeiter, Nerdist,US
Ali Arikan, Dipnot TV,Turkey
Michael Atkinson, The Village Voice,US
Ana Maria Bahiana, Freelance film critic,Brazil
Cameron Bailey, Toronto Film Festival,Canada
Lindsay Baker, BBC Culture,UK
Miriam Bale, Freelance film critic,US
Nicholas Barber, BBC Culture,UK
Diego Batlle, La Nacion,Argentina
NT Binh, Positif,France
Lizelle Bisschoff, University of Glasgow,UK
Christian Blauvelt, BBC Culture,US
Mahen Bonetti, African Film Festival Inc,US
Andreas Borcholte, Spiegel Online,Germany
Utpal Borpujari, Freelance film critic,India
Richard Brody, The New Yorker,US
Hannah Brown, Jerusalem Post,Israel
Luke Buckmaster, The Guardian/BBC Culture,Australia
Luciano Castillo, Cinemateca de Cuba,Cuba
Monica Castillo, New York Times Watching,US
Samuel Castro, El Colombiano,Colombia
Justin Chang, Los Angeles Times,US
Enrico Chiesa, AfricaFilms.TV,Senegal
Cho Seongyong, Freelance film critic,South Korea
Robbie Collin, The Telegraph,UK
Scott Collura, IGN,US
Colin Covert, Minneapolis Star-Tribune,US
Oggs Cruz, Rappler.com,Philippines
Ken Dancyger, New York University,US
Erik Davis, Fandango,US
Peter Debruge, Variety,US
Fernand Denis, La Libre Belgique,Belgium
Lindiwe Dovey, University of London,UK
Alonso Duralde, TheWrap,US
Bilge Ebiri, The Village Voice,US
David Ehrlich, IndieWire,US
Kate Erbland, IndieWire,US
Mario Espinosa, Cinemateca de Cuba,Cuba
Joseph Fahim, Freelance film critic,Egypt
Devin Faraci, Birth.Movies.Death.,US
David Fear, Rolling Stone,US
Scott Feinberg, The Hollywood Reporter,US
Javier Porta Fouz, La Nacion,Argentina
Kenji Fujishima, Freelance film critic,US
Ernesto Garratt, El Mercurio,Chile
Steven Gaydos, Variety,US
Noah Gittell, Washington City Paper,US
Owen Gleiberman, Variety,US
Ed Gonzalez, Slant Magazine,US
Juan Carlos González, El Tiempo,Colombia
Carmen Gray, Berlin Critics’ Week,Germany
Tim Grierson, Screen International,US
Jean-Philippe Guerand, L'Avant-Scène Cinéma,France
Antoine Guillot, France Culture,France
Tom Gunning, University of Chicago,US
Shubhra Gupta, The Indian Express,India
Hauvick Habechian, An-Nahar Newspaper,Lebanon
Angie Han, Slashfilm,US
Aisha Harris, Slate,US
Tina Hassannia, Freelance film critic,Canada
Shiguehiko Hasumi, University of Tokyo,Japan
Katarina Hedrén, Freelance film critic,South Africa
Jordan Hoffman, Freelance film critic,US
Michael Hogan, Vanity Fair,US
Ann Hornaday, The Washington Post,US
Alexander Horwath, Austrian Film Museum,Austria
Peter Howell, The Toronto Star,Canada
Annette Insdorf, Columbia University,US
Aysha Iqbal, Indian Institute of Technology,India
Zhanna Issabayeva, Freelance film critic,Kazakhstan
Larushka Ivan-Zadeh, Metro,UK
Nick James, Sight & Sound,UK
David Jenkins, Little White Lies,UK
Kent Jones, Film Comment,US
Manuel Kalmanovitz, Revista Semana,Colombia
Dominik Kamalzadeh, Der Standard,Austria
Dave Karger, Freelance,US
Butheina Kazim, Cinema Akil,UAE
Glenn Kenny, Freelance,US
Andreas Kilb, Frankfurter Allgemeine Zeitung,Germany
Uri Klein, Haaretz,Israel
Eric Kohn, IndieWire,US
Dan Kois, Slate,US
Michael Koresky, The Film Society of Lincoln Center,US
Tomris Laffly, Freelance film critic,US
Rebecca Laurence, BBC Culture,UK
Richard Lawson, Vanity Fair,US
Maggie Lee, Variety,Hong Kong
Anastasiya Lelyukh, Front Row Filmed Entertainment,UAE
Guy Lodge, Variety/The Observer,UK
Mario Naito López, Cuban Film Press Association,Cuba
Verena Lueken, Frankfurter Allgemeine Zeitung,Germany
Fiona Macdonald, BBC Culture,UK
Laya Maheshwari, Freelance film critic,India
Hans-Christian Mahnke, AfricAvenir.org,Namibia
Ben Mankiewicz, Turner Classic Movies,US
Calum Marsh, Freelance film critic,Canada
Lee Marshall, Screen International,Italy
Adrian Martin, Lola Magazine,Australia
Antonio Martínez, El Mercurio,Chile
Todd McCarthy, The Hollywood Reporter,US
Joe McElhaney, Hunter College,US
Drew McWeeny, HitFix,US
Kim Morgan, Sight & Sound/Criterion,US
Kate Muir, The Times,UK
Chris Nashawaty, Entertainment Weekly,US
Farran Smith Nehme, The New York Post/Film Comment,US
Joe Neumaier, WOR-710AM New York,US
Chris Newbould, The National,UAE
Amy Nicholson, MTV News,US
Ong Soh Chin, Freelance,Singapore
Susanne Ostwald, Neue Zürcher Zeitung,Switzerland
Matthew Patches, Thrillist,US
Steve Persall, Tampa Bay Times,US
Michael Phillips, Chicago Tribune,US
Keith Phipps, Uproxx,US
Hannah Pilarczyk, Der Spiegel,Germany
Agnès C Poirier, Marianne,France
Claudia Puig, Freelance film critic,US
Zakir Hossein Raju, Independent University,Bangladesh
Alberto Ramos Ruiz, La Habana International Festival of New Latin American Cinema,Cuba
Jordan Raup, The Film Stage,US
Isabelle Regnier, Le Monde,France
Mauricio Reina, El Tiempo,Colombia
Scott Renshaw, Salt Lake City Weekly,US
Katey Rich, Vanity Fair,US
Carrie Rickey, Freelance film critic,US
Sam Rigby, BBC Culture,UK
Antonio Mazón Robau, Cinemateca de Cuba,Cuba
Tim Robey, The Daily Telegraph,UK
Tasha Robinson, The Verge,US
Rene Rodriguez, The Miami Herald,US
Jonathan Romney, Freelance film critic,UK
Alyssa Rosenberg, The Washington Post,US
E Nina Rothe, The Huffington Post,Italy
Joshua Rothkopf, Time Out New York,US
Mohammed Rouda, Asharq Al-Awsat,Lebanon
Mike Ryan, Uproxx,US
Alaka Sahani, The Indian Express,India
Rasha Salti, Independent curator/film programmer,Lebanon
Eric Sasono, Freelance film critic,Indonesia
Nick Schager, Variety,US
Missy Schwartz, Freelance film critic,US
Matt Zoller Seitz, New York Magazine,US
Avner Shavit, Walla,Israel
Catherine Shoard, The Guardian,UK
Yael Shuv, Time Out Tel Aviv,Israel
Matt Singer, ScreenCrush,US
Justine A Smith, Freelance film critic,Canada
Eric D Snider, Freelance film critic,US
Soh Jae Yong, Seoul Institute of the Arts,South Korea
Fernanda Solórzano, Letras Libres Magazine,Mexico
David Stratton, The Australian,Australia
Cédric Succivalli, International Cinephile Society,Italy
Alin Tasciyan, Star,Turkey
Charles Taylor, The Yale Review,US
Ella Taylor, NPR.org,US
Stephen Teo, Nanyang Techological University,Singapore
Kristin Thompson, University of Wisconsin-Madison,US
Scott Tobias, Freelance film critic,US
Peter Travers, Rolling Stone,US
Brian Truitt, USA Today,US
Rahul Verma, Freelance film critic,UK
Wen Tien-Hsiang, Taipei Golden Horse Film Festival,Taiwan
Stephen Whitty, Freelance film critic,US
Alissa Wilkinson, Christianity Today,US
Jake Wilson, Fairfax Media,Australia
Stephanie Zacharek, Time Magazine,US
Chadi Zeneddine, Doha Film Institute,Qatar
Raymond Zhou, China Daily,China
