birthDate,birthPlace,deathDate,movie_director,titleId,country
1946-1-20,"Missoula, Montana, USA",,David Lynch,tt0166924,United States of America
1956-7-17,"Shanghai, China",,Kar-Wai Wong,tt0118694,China
1943-11-30,"Ottawa, Illinois, USA",,Terrence Malick,tt0478304,United States of America
1930-12-3,"Paris, France",,Jean-Luc Godard,tt2400275,France
1973-0-0,"Shiraz, Iran",,Mohammad Rasoulof,tt1509132,Iran
1941-7-25,"Puerto Montt, Chile",2011-8-19,Raoul Ruiz,tt1876360,Chile
1940-6-22,"Tehran, Iran",2016-7-4,Abbas Kiarostami,tt1020773,Iran
1955-4-22,Hong Kong,,Johnnie To,tt0491044,China
1963-5-8,"Versailles, Seine-et-Oise [now Yvelines], France",,Michel Gondry,tt0338013,France
1970-7-16,"Bangkok, Thailand",,Apichatpong Weerasethakul,tt0477731,Thailand
1941-1-5,"Tokyo, Japan",,Hayao Miyazaki,tt0245429,Japan
1969-5-1,"Houston, Texas, USA",,Wes Anderson,tt2278388,United States of America
1943-11-30,"Ottawa, Illinois, USA",,Terrence Malick,tt0402399,United States of America
1970-5-24,"Fenyang, Shanxi, China",,Zhangke Jia,tt0423176,China
1952-7-24,"Louisville, Kentucky, USA",,Gus Van Sant,tt0363589,United States of America
1951-11-27,"San Carlos, California, USA",,Kathryn Bigelow,tt1790885,United States of America
1943-3-15,"Toronto, Ontario, Canada",,David Cronenberg,tt0399146,Canada
1943-10-24,"Hastings, New Zealand",,Martin Campbell,tt0381061,New Zealand
1972-0-0,"Lisbon, Portugal",,Miguel Gomes,tt2153963,Portugal
1963-0-0,"Bilbao, Vizcaya, País Vasco, Spain",,Pablo Berger,tt1854513,Spain
1964-0-0,"Memphis, Tennessee, USA",,Courtney Hunt,tt0978759,United States of America
1925-2-20,"Kansas City, Missouri, USA",2006-11-20,Robert Altman,tt0280707,United States of America
1970-7-30,"London, England, UK",,Christopher Nolan,tt1375666,United Kingdom
1964-10-9,"Guadalajara, Jalisco, Mexico",,Guillermo del Toro,tt0457430,Mexico
1942-3-23,"Munich, Bavaria, Germany",,Michael Haneke,tt0387898,Germany
1942-9-5,"Munich, Bavaria, Germany",,Werner Herzog,tt0427312,Germany
1960-11-22,"Suresnes, Seine [now Hauts-de-Seine], France",,Leos Carax,tt2076220,France
1925-11-27,"Bois-Colombes, Hauts-de-Seine, France",2018-7-5,Claude Lanzmann,tt2340784,France
1970-6-26,"Studio City, California, USA",,Paul Thomas Anderson,tt0469494,United States of America
1942-3-23,"Munich, Bavaria, Germany",,Michael Haneke,tt0254686,Germany
1962-10-16,"New York City, New York, USA",,Kenneth Lonergan,tt0466893,United States of America
1953-1-12,"Bracebridge, Ontario, Canada",,Mary Harron,tt0144084,Canada
1972-10-6,"Vienna, Austria",,Jessica Hausner,tt1405809,Austria
1961-4-5,"Dartford, Kent, England, UK",,Andrea Arnold,tt0471030,United Kingdom
1960-7-30,"Houston, Texas, USA",,Richard Linklater,tt1065073,United States of America
1976-8-19,"Santiago, Chile",,Pablo Larraín,tt1223975,Chile
1972-5-7,"Khomeyni Shahr, Isfahan, Iran",,Asghar Farhadi,tt1832382,Iran
1965-12-3,"Boston, Massachusetts, USA",,Andrew Stanton,tt0266543,United States of America
1951-11-14,"Xi'an, Shaanxi, China",,Yimou Zhang,tt0299977,China
1942-11-17,"Queens, New York City, New York, USA",,Martin Scorsese,tt0993846,United States of America
1969-9-14,"Daegu, South Korea",,Joon-ho Bong,tt1216496,South Korea
1955-8-13,"Cheam, Surrey, England, UK",,Paul Greengrass,tt0440963,United Kingdom
1963-1-14,"Atlanta, Georgia, USA",,Steven Soderbergh,tt0181865,United States of America
1936-5-1,"Paris, France",2006-10-9,Danièle Huillet,tt0815227,France
1939-11-9,"Piacenza, Emilia-Romagna, Italy",,Marco Bellocchio,tt1156173,Italy
1968-0-0,"Milan, Lombardy, Italy",,Michelangelo Frammartino,tt1646975,Italy
1931-7-24,"Bergamo, Lombardy, Italy",2018-5-5,Ermanno Olmi,tt0245276,Italy
1946-1-30,"Pisa, Tuscany, Italy",,Paolo Benvenuti,tt0257726,Italy
1933-6-21,"Pozzolengo, Lombardy, Italy",,Franco Piavoli,tt0328825,Italy
,,,Pippo Delbono,tt3102590,
,,,Marco De Angelis,tt5152918,
1942-0-0,"Merano, Trentino-Alto Adige, Italy",,Yervant Gianikian,tt0431958,Italy
,,,Rick Alverson,tt2112293,
1956-4-30,"Copenhagen, Denmark",,Lars von Trier,tt1527186,Denmark
1963-3-27,"Knoxville, Tennessee, USA",,Quentin Tarantino,tt0361748,United States of America
1957-9-21,"Minneapolis, Minnesota, USA",,Ethan Coen,tt2042568,United States of America
1953-1-22,"Akron, Ohio, USA",,Jim Jarmusch,tt1714915,United States of America
1962-12-17,"Haifa, Israel",,Ari Folman,tt1821641,Israel
1970-6-26,"Studio City, California, USA",,Paul Thomas Anderson,tt1560747,United States of America
1957-3-20,"Atlanta, Georgia, USA",,Spike Lee,tt0307901,United States of America
1961-3-29,"Blackburn, Lancashire, England, UK",,Michael Winterbottom,tt0274309,United Kingdom
1959-1-26,"Istanbul, Turkey",,Nuri Bilge Ceylan,tt1827487,Turkey
1962-8-28,"Denver, Colorado, USA",,David Fincher,tt0443706,United States of America
1957-9-21,"Minneapolis, Minnesota, USA",,Ethan Coen,tt1019452,United States of America
1965-4-1,"Lidingö, Stockholms län, Sweden",,Tomas Alfredson,tt1340800,Sweden
1972-0-0,"Myrtle Beach, South Carolina, USA",,Shane Carruth,tt0390384,United States of America
1970-7-16,"Bangkok, Thailand",,Apichatpong Weerasethakul,tt1588895,Thailand
1956-7-17,"Shanghai, China",,Kar-Wai Wong,tt0212712,China
1969-10-22,"Rockville, Maryland, USA",,Spike Jonze,tt0268126,United States of America
1971-10-10,"Mexico City, Distrito Federal, Mexico",,Carlos Reygadas,tt0387055,Mexico
1946-1-20,"Missoula, Montana, USA",,David Lynch,tt0460829,United States of America
1941-7-25,"Puerto Montt, Chile",2011-8-19,Raoul Ruiz,tt1236371,Chile
1961-11-28,"Mexico City, Distrito Federal, Mexico",,Alfonso Cuarón,tt0206634,Mexico
1955-11-9,"São Paulo, São Paulo, Brazil",,Fernando Meirelles,tt0317248,Brazil
1957-9-24,"Kalispell, Montana, USA",,Brad Bird,tt0317705,United States of America
1963-8-15,"Mexico City, Distrito Federal, Mexico",,Alejandro G. Iñárritu,tt2562232,Mexico
1954-10-23,"Pingtung, Taiwan",,Ang Lee,tt0388795,Taiwan
1969-10-9,"London, England, UK",,Steve McQueen,tt2024544,United Kingdom
1961-4-5,"Dartford, Kent, England, UK",,Andrea Arnold,tt1232776,United Kingdom
1989-3-20,"Montreal, Quebec, Canada",,Xavier Dolan,tt3612616,Canada
1949-9-25,"Calzada de Calatrava, Ciudad Real, Castilla-La Mancha, Spain",,Pedro Almodóvar,tt0287467,Spain
1961-10-13,"Kiffa, Mauritania",,Abderrahmane Sissako,tt3409392,Mauritania
1972-8-24,"Long Beach, California, USA",,Ava DuVernay,tt1020072,United States of America
1942-3-23,"Munich, Bavaria, Germany",,Michael Haneke,tt1149362,Germany
1966-12-14,"Salta, Argentina",,Lucrecia Martel,tt1221141,Argentina
1969-5-1,"Houston, Texas, USA",,Wes Anderson,tt0265666,United States of America
1969-5-1,"Houston, Texas, USA",,Wes Anderson,tt1748122,United States of America
1971-5-14,"New York City, New York, USA",,Sofia Coppola,tt0335266,United States of America
1961-8-27,"Austin, Texas, USA",,Tom Ford,tt1315981,United States of America
1967-8-8,"Cleveland, Ohio, USA",,Lee Unkrich,tt0435761,United States of America
1971-0-0,"Palermo, Sicily, Italy",,Luca Guadagnino,tt1226236,Italy
1975-3-28,"Newport News, Virginia, USA",,Richard Kelly,tt0246578,United States of America
1970-6-26,"Studio City, California, USA",,Paul Thomas Anderson,tt1791528,United States of America
1930-12-3,"Paris, France",,Jean-Luc Godard,tt1438535,France
,,,Evan Goldberg,tt1245492,
1971-5-14,"New York City, New York, USA",,Sofia Coppola,tt1421051,United States of America
1950-6-6,"Brussels, Belgium",2015-10-5,Chantal Akerman,tt1532530,Belgium
1928-3-1,"Rouen, Seine-Inférieure [now Seine-Maritime], France",2016-1-29,Jacques Rivette,tt0339357,France
1957-3-20,"Atlanta, Georgia, USA",,Spike Lee,tt0215545,United States of America
1965-3-26,"London, England, UK",,Jonathan Glazer,tt1441395,United Kingdom
1979-3-20,"St. Louis, Missouri, USA",,Duke Johnson,tt2401878,United States of America
,,,Eric Darnell,tt1277953,
1943-2-20,"Salford, Greater Manchester, England, UK",,Mike Leigh,tt1431181,United Kingdom
1951-10-26,"Brooklyn, New York, USA",,Julian Schnabel,tt0401383,United States of America
1962-8-28,"Denver, Colorado, USA",,David Fincher,tt1285016,United States of America
1965-12-3,"Boston, Massachusetts, USA",,Andrew Stanton,tt0910970,United States of America
1953-8-19,"Brunico, Trentino-Alto Adige, Italy",,Nanni Moretti,tt0208990,Italy
1975-0-0,"Buenos Aires, Argentina",,Mariano Llinás,tt1225831,Argentina
1947-4-8,"Meixian, Guangdong, China",,Hsiao-Hsien Hou,tt3508840,China
1930-5-31,"San Francisco, California, USA",,Clint Eastwood,tt0405159,United States of America
1964-2-6,"Novosibirsk, Novosibirskaya oblast, RSFSR, USSR [now Russia]",,Andrey Zvyagintsev,tt2802154,USSR [now Russia]
1970-5-24,"Fenyang, Shanxi, China",,Zhangke Jia,tt2852400,China
1959-1-26,"Istanbul, Turkey",,Nuri Bilge Ceylan,tt0346094,Turkey
1952-4-30,"Paris, France",,Jacques Audiard,tt1235166,France
1960-12-7,"Tunis, Tunisia",,Abdellatif Kechiche,tt2278871,Tunisia
1923-1-1,"Ziguenchor, Casamance, Senegal",2007-6-9,Ousmane Sembene,tt0416991,Senegal
1959-7-19,"Buenos Aires, Argentina",,Juan José Campanella,tt1305806,Argentina
1963-8-23,"Seoul, South Korea",,Chan-wook Park,tt0364569,South Korea
1948-7-13,"Bressuire, Deux-Sèvres, France",,Catherine Breillat,tt0243255,France
1975-5-9,"Barcelona, Catalonia, Spain",,J.A. Bayona,tt0464141,Spain
1969-5-19,"Copenhagen, Denmark",,Thomas Vinterberg,tt2106476,Denmark
1973-1-4,"Bolinas, California, USA",,Harmony Korine,tt2101441,United States of America
1956-2-28,"Winnipeg, Manitoba, Canada",,Guy Maddin,tt1093842,Canada
1933-8-18,"Paris, France",,Roman Polanski,tt1139328,France
1962-9-17,"New South Wales, Australia",,Baz Luhrmann,tt0203009,Australia
,,,Stephanie Spray,tt3103326,
1962-8-28,"Denver, Colorado, USA",,David Fincher,tt0421715,United States of America
,,,Jihan El-Tahri,tt1106760,
1964-0-0,Nigeria,,Ngozi Onwurah,tt0800199,Nigeria
1954-5-14,"Famleng, Cameroon",,Jean-Marie Téno,tt0474246,Cameroon
,,,Andrew Dosunmu,tt1545464,
,,,Khalo Matabane,tt0471130,
1969-0-0,"Streatham, London, England, UK",,Amma Asante,tt2404181,United Kingdom
1969-2-12,"Brooklyn, New York City, New York, USA",,Darren Aronofsky,tt0180093,United States of America
1956-4-30,"Copenhagen, Denmark",,Lars von Trier,tt0870984,Denmark
1951-4-21,"Engis, Wallonia, Belgium",,Jean-Pierre Dardenne,tt0456396,Belgium
1963-12-27,"Buenos Aires, Argentina",,Gaspar Noé,tt0290673,Argentina
1942-3-23,"Munich, Bavaria, Germany",,Michael Haneke,tt1602620,Germany
1957-10-15,"Bhubaneshwar, Orissa, India",,Mira Nair,tt0265343,India
1977-2-18,"Budapest, Hungary",,László Nemes,tt3808342,Hungary
,,,Raam Reddy,tt4881362,
1969-2-20,"Zenica, Bosnia and Herzegovina, Yugoslavia",,Danis Tanovic,tt0283509,Republic of Serbia
1962-12-17,"Haifa, Israel",,Ari Folman,tt1185616,Israel
1930-12-3,"Paris, France",,Jean-Luc Godard,tt0181912,France
,,,Josephine Decker,tt2252304,
,,,Benny Safdie,tt3687186,
1974-2-15,"Barre, Vermont, USA",,Miranda July,tt1235170,United States of America
,,,Sara Fattahi,tt5537018,
1953-12-13,"Ramat Gan, Israel",,Avi Nesher,tt1655424,Israel
1968-8-31,"New York City, New York, USA",,Joseph Cedar,tt1445520,United States of America
1951-4-21,"Engis, Wallonia, Belgium",,Jean-Pierre Dardenne,tt0291172,Belgium
1964-8-21,"New York City, New York, USA",,Eytan Fox,tt0334754,United States of America
,,,Jennifer Kent,tt2321549,
1951-6-14,"Podorvikha, Irkutskaya oblast, RSFSR, USSR [now Russia]",,Aleksandr Sokurov,tt0318034,USSR [now Russia]
1968-10-9,"Bloomington, Minnesota, USA",,Pete Docter,tt2096673,United States of America
1970-0-0,"La Rochelle, Charente-Maritime, France",,Vincent Paronnaud,tt0808417,France
1945-3-3,"Chinchilla, Queensland, Australia",,George Miller,tt1392190,Australia
1968-12-20,"London, England, UK",,Joe Cornish,tt1478964,United Kingdom
1960-7-30,"Houston, Texas, USA",,Richard Linklater,tt0381681,United States of America
1957-9-24,"Kalispell, Montana, USA",,Brad Bird,tt0382932,United States of America
1963-8-15,"Mexico City, Distrito Federal, Mexico",,Alejandro G. Iñárritu,tt0245712,Mexico
1946-12-18,"Cincinnati, Ohio, USA",,Steven Spielberg,tt0181689,United States of America
1954-4-1,"Daegu, South Korea",,Chang-dong Lee,tt0817225,South Korea
1970-7-30,"London, England, UK",,Christopher Nolan,tt0468569,United Kingdom
1946-4-21,"Paris, France",,Claire Denis,tt1100048,France
1946-9-15,"San Saba, Texas, USA",,Tommy Lee Jones,tt0419294,United States of America
1947-1-18,"Tokyo, Japan",,Takeshi Kitano,tt0363226,Japan
1956-4-30,"Copenhagen, Denmark",,Lars von Trier,tt0168629,Denmark
1972-0-0,"Paris, France",,Alain Gomis,tt2178935,France
1936-6-17,"Nuneaton, Warwickshire, England, UK",,Ken Loach,tt0313670,United Kingdom
1966-0-0,"Ogidi, Nigeria",,Newton I. Aduaka,tt0923688,Nigeria
1957-7-13,"Palm Springs, California, USA",,Cameron Crowe,tt0181875,United States of America
1969-9-14,"Daegu, South Korea",,Joon-ho Bong,tt0353969,South Korea
1970-7-16,"Bangkok, Thailand",,Apichatpong Weerasethakul,tt0381668,Thailand
1938-7-20,"Leningrad, Russian SFSR, USSR [now St. Petersburg, Russia]",2013-2-21,Aleksey German,tt2328813,Russia]
1956-12-1,"Brooklyn, New York City, New York, USA",,Larry Charles,tt0443453,United States of America
1965-4-1,"Lidingö, Stockholms län, Sweden",,Tomas Alfredson,tt1139797,Sweden
,,,James Kondelik,tt3677466,
1970-5-26,"London, England, UK",,Alex Garland,tt0470752,United Kingdom
1964-6-23,"New York City, New York, USA",,Joss Whedon,tt0848228,United States of America
1983-7-14,"Dallas, Texas, USA",,Carlos Haynes,tt1152263,United States of America
1962-10-16,"New York City, New York, USA",,Kenneth Lonergan,tt4034228,United States of America
1969-9-14,"Daegu, South Korea",,Joon-ho Bong,tt0468492,South Korea
1979-9-17,"Johannesburg, South Africa",,Neill Blomkamp,tt1136608,South Africa
1952-1-25,"Washington, District of Columbia, USA",,Whit Stillman,tt3068194,United States of America
1960-12-20,"Bonghwa, South Korea",,Ki-duk Kim,tt0423866,South Korea
1958-12-30,"Datu Paglas, Maguindanao, Mindanao, Philippines",,Lav Diaz,tt0424062,Philippines
1955-7-19,"Kobe, Japan",,Kiyoshi Kurosawa,tt0286751,Japan
1942-9-5,"Munich, Bavaria, Germany",,Werner Herzog,tt1664894,Germany
1960-0-0,"Tochigi, Japan",,Takahisa Zeze,tt1685536,Japan
1933-8-18,"Paris, France",,Roman Polanski,tt0253474,France
1946-12-18,"Cincinnati, Ohio, USA",,Steven Spielberg,tt0443272,United States of America
1954-10-23,"Pingtung, Taiwan",,Ang Lee,tt0454876,Taiwan
1930-5-31,"San Francisco, California, USA",,Clint Eastwood,tt0327056,United States of America
1958-8-20,"Manhattan, New York City, New York, USA",,David O. Russell,tt1800241,United States of America
1960-4-15,"Copenhagen, Denmark",,Susanne Bier,tt0457655,Denmark
1970-7-30,"London, England, UK",,Christopher Nolan,tt0209144,United Kingdom
1961-11-28,"Mexico City, Distrito Federal, Mexico",,Alfonso Cuarón,tt1454468,Mexico
1937-6-14,"Århus, Denmark",,Jørgen Leth,tt0354575,Denmark
1957-9-15,"Warsaw, Mazowieckie, Poland",,Pawel Pawlikowski,tt2718492,Poland
1962-6-6,"Tokyo, Japan",,Hirokazu Koreeda,tt0408664,Japan
1975-7-9,"Ramos Mejía, Buenos Aires, Argentina",,Damián Szifron,tt3011894,Argentina
1965-5-20,"Moresnet-Chapelle, Belgium",,Bouli Lanners,tt1176954,Belgium
1957-0-0,"London, England, UK",,John Akomfrah,tt2578290,United Kingdom
1961-10-13,"Kiffa, Mauritania",,Abderrahmane Sissako,tt0308363,Mauritania
,,,Judy Kibinge,tt2400272,
,,,Emad Burnat,tt2125423,
,,,Nanfu Wang,tt4079902,
1983-12-4,Singapore,,Junfeng Boo,tt4691166,Singapore
1973-3-7,"Harrogate, North Yorkshire, England, UK",,Andrew Haigh,tt1714210,United Kingdom
,,,David France,tt2124803,
1963-7-13,"New York City, New York, USA",,Shari Springer Berman,tt0305206,United States of America
1969-0-0,"Denver, Colorado, USA",,Travis Wilkerson,tt0342570,United States of America
1969-6-10,USA,,Gina Prince-Bythewood,tt0199725,United States of America
1976-8-1,"Fremont, California, USA",,Don Hertzfeldt,tt2078648,United States of America
1976-5-25,"Charlotte, North Carolina, USA",,Robert Greene,tt3212392,United States of America
1961-1-2,"Los Angeles, California, USA",,Todd Haynes,tt2402927,United States of America
1941-1-5,"Tokyo, Japan",,Hayao Miyazaki,tt2013293,Japan
,,,Jacob Krupnick,tt2287749,
1943-2-5,"Chicago, Illinois, USA",,Michael Mann,tt0369339,United States of America
,,,Jim McKay,tt0365020,
1956-1-29,1956,,Michael J. Saul,tt1964955,1956
1978-12-7,"Little Rock, Arkansas, USA",,Jeff Nichols,tt1675192,United States of America
1972-0-0,"Hackney, London, England, UK",,Asif Kapadia,tt1424432,United Kingdom
1969-9-3,"Brooklyn, New York City, New York, USA",,Noah Baumbach,tt2347569,United States of America
1973-0-0,"Athens, Greece",,Yorgos Lanthimos,tt1379182,Greece
1943-3-31,"Gothenburg, Västra Götalands län, Sweden",,Roy Andersson,tt1883180,Sweden
1926-3-6,"Suwalki, Podlaskie, Poland",2016-10-9,Andrzej Wajda,tt0879843,Poland
1970-5-24,"Fenyang, Shanxi, China",,Zhangke Jia,tt0859765,China
1960-3-20,"London, England, UK",,Joanna Hogg,tt1527835,United Kingdom
1960-7-28,"Nazareth, Israel",,Elia Suleiman,tt0274428,Israel
1960-7-11,"Mianeh, Azarbaijan Province, Iran",,Jafar Panahi,tt0371280,Iran
1959-10-23,"Royal Oak, Michigan, USA",,Sam Raimi,tt0316654,United States of America
1958-2-24,"Wichita, Kansas, USA",,Chris Buck,tt2294629,United States of America
1974-4-18,"Poole, Dorset, England, UK",,Edgar Wright,tt0365748,United Kingdom
1969-10-9,"London, England, UK",,Steve McQueen,tt1723811,United Kingdom
1973-8-25,"Hamburg, West Germany",,Fatih Akin,tt0347048,West Germany
1961-2-10,"Omaha, Nebraska, USA",,Alexander Payne,tt0375063,United States of America
1956-4-30,"Copenhagen, Denmark",,Lars von Trier,tt0276919,Denmark
1978-11-23,"Maui, Hawaii, USA",,Destin Daniel Cretton,tt1299384,United States of America
1974-1-23,"Lakewood, Colorado, USA",,Derek Cianfrance,tt1120985,United States of America
1969-9-3,"Brooklyn, New York City, New York, USA",,Noah Baumbach,tt0367089,United States of America
1930-5-31,"San Francisco, California, USA",,Clint Eastwood,tt1742044,United States of America
1959-2-3,"Buenos Aires, Argentina",2006-6-28,Fabián Bielinsky,tt0247586,Argentina
1953-8-19,"Brunico, Trentino-Alto Adige, Italy",,Nanni Moretti,tt3013610,Italy
1964-7-11,"Dix Hills, Long Island, New York, USA",,Greg Mottola,tt1091722,United States of America
1955-1-18,"Lynwood, California, USA",,Kevin Costner,tt0316356,United States of America
,,,John Gianvito,tt1158308,
1930-1-1,"Boston, Massachusetts, USA",,Frederick Wiseman,tt4936064,United States of America
1961-12-18,"Toyokawa, Aichi, Japan",,Sion Sono,tt1128075,Japan
1967-10-3,"Trois-Rivières, Québec, Canada",,Denis Villeneuve,tt3397884,Canada
1976-8-19,"Santiago, Chile",,Pablo Larraín,tt2059255,Chile
1985-1-19,"Providence, Rhode Island, USA",,Damien Chazelle,tt2582802,United States of America
,,,David Michôd,tt1313092,
1956-1-3,"Peekskill, New York, USA",,Mel Gibson,tt0472043,United States of America
1959-1-26,"Istanbul, Turkey",,Nuri Bilge Ceylan,tt1233381,Turkey
,,,Stevan Riley,tt4145178,
1968-4-17,"Philadelphia, Pennsylvania, USA",,Adam McKay,tt0415306,United States of America
1931-7-24,"Bergamo, Lombardy, Italy",2018-5-5,Ermanno Olmi,tt0985597,Italy
1955-8-13,"Cheam, Surrey, England, UK",,Paul Greengrass,tt0475276,United Kingdom
1962-9-17,"Mount Clemens, Michigan, USA",,Paul Feig,tt1478338,United States of America
1974-9-23,"Texas, USA",,Joshua Oppenheimer,tt3521134,United States of America
1970-6-26,"Studio City, California, USA",,Paul Thomas Anderson,tt0272338,United States of America
1969-12-5,"Glasgow, Strathclyde, Scotland, UK",,Lynne Ramsay,tt1242460,United Kingdom
1965-0-0,"San Juan, Puerto Rico",,Miguel Arteta,tt0200530,Puerto Rico
1937-11-30,"South Shields, County Durham, England, UK",,Ridley Scott,tt0172495,United Kingdom
1955-5-26,"Dartford, Kent, England, UK",,Adam Curtis,tt0432232,United Kingdom
1946-12-18,"Cincinnati, Ohio, USA",,Steven Spielberg,tt0408306,United States of America
1969-1-17,"Malmö, Skåne län, Sweden",,Lukas Moodysson,tt0300140,Sweden
1940-9-11,"Newark, New Jersey, USA",,Brian De Palma,tt0280665,United States of America
,"La Paz, Bolivia",,Anthony Stabley,tt0299177,Bolivia
1969-4-14,"New York City, New York, USA",,James Gray,tt1103275,United States of America
1947-6-5,"Glen Ellyn, Illinois, USA",,Laurie Anderson,tt4935446,United States of America
1973-5-2,"Cologne, North Rhine-Westphalia, Germany",,Florian Henckel von Donnersmarck,tt0405094,Germany
1955-7-21,"Pécs, Hungary",,Béla Tarr,tt0249241,Hungary
1946-4-21,"Paris, France",,Claire Denis,tt1135952,France
1964-7-15,"Villefranche-de-Rouergue, Aveyron, France",,Alain Guiraudie,tt2852458,France
1958-12-30,"Lisbon, Portugal",,Pedro Costa,tt0460480,Portugal
1975-0-0,"Banyoles, Girona, Catalonia, Spain",,Albert Serra,tt3102458,Spain
1967-4-3,"Bucharest, Romania",,Cristi Puiu,tt1403047,Romania
1955-7-21,"Pécs, Hungary",,Béla Tarr,tt1316540,Hungary
1942-11-17,"Queens, New York City, New York, USA",,Martin Scorsese,tt1130884,United States of America
1918-7-14,"Uppsala, Uppsala län, Sweden",2007-7-30,Ingmar Bergman,tt0299478,Sweden
1964-2-6,"Novosibirsk, Novosibirskaya oblast, RSFSR, USSR [now Russia]",,Andrey Zvyagintsev,tt0376968,USSR [now Russia]
,,,Khalid Hussain,tt0447649,
1963-8-15,"Mexico City, Distrito Federal, Mexico",,Alejandro G. Iñárritu,tt1663202,Mexico
1967-0-0,"Xi'an, Shaanxi, China",,Bing Wang,tt0389448,China
1931-9-14,"Vendôme, Loir-et-Cher, France",,Alain Cavalier,tt0463991,France
1933-5-25,"Williamsburg, Brooklyn, New York City, New York, USA",,Ken Jacobs,tt3703130,United States of America
1954-1-3,"Manhattan, New York City, New York, USA",2019-4-20,Philip S. Solomon,tt0351599,United States of America
,,,Lewis Klahr,tt0360504,
1957-0-0,"Baton Rouge, Louisiana, USA",,Janie Geiser,tt0282499,United States of America
1972-0-0,"Vienna, Austria",,Nikolaus Geyrhalter,tt0765849,Austria
,,,Chaitanya Tamhane,tt3717068,
1972-9-10,"Gorakhpur, Uttar Pradesh, India",,Anurag Kashyap,tt1327035,India
,,,Tigmanshu Dhulia,tt1620933,
1976-12-6,"Bombay, India",,Vikramaditya Motwane,tt1639426,India
,,,Sudhir Mishra,tt0411469,
,,,Vishal Bhardwaj,tt0379370,
1964-2-15,1964,,Ashutosh Gowariker,tt0169102,1964
1920-4-4,"Tulle, Corrèze, France",2010-1-11,Éric Rohmer,tt0239234,France
1966-9-29,"Sol-Iletsk, Sol-Iletskiy rayon, Orenburgskaya oblast, RSFSR, USSR [now Russia]",,Aleksey Fedorchenko,tt1693830,USSR [now Russia]
1974-2-15,"Barre, Vermont, USA",,Miranda July,tt0415978,United States of America
1962-8-28,"Denver, Colorado, USA",,David Fincher,tt2267998,United States of America
1965-2-17,"Los Angeles, California, USA",,Michael Bay,tt1980209,United States of America
,,,Darleen Asevedo,tt0783612,
1960-7-30,"Houston, Texas, USA",,Richard Linklater,tt2209418,United States of America
1986-5-23,"Oakland, California, USA",,Ryan Coogler,tt2334649,United States of America
1973-12-17,"Silver Spring, Maryland, USA",,Rian Johnson,tt0393109,United States of America
1957-10-27,"Kuching, Sarawak, Malaysia",,Ming-liang Tsai,tt3119416,Malaysia
1940-6-22,"Tehran, Iran",2016-7-4,Abbas Kiarostami,tt0301978,Iran
1960-7-11,"Mianeh, Azarbaijan Province, Iran",,Jafar Panahi,tt2626926,Iran
1971-0-0,"New York City, New York, USA",,Sean Baker,tt3824458,United States of America
1930-12-3,"Paris, France",,Jean-Luc Godard,tt0360845,France
1920-4-4,"Tulle, Corrèze, France",2010-1-11,Éric Rohmer,tt0374294,France
1930-5-31,"San Francisco, California, USA",,Clint Eastwood,tt1205489,United States of America
1958-12-30,"Lisbon, Portugal",,Pedro Costa,tt3907156,Portugal
1944-6-21,"North Shields, Northumberland, England, UK",2012-8-19,Tony Scott,tt0453467,United Kingdom
1955-7-19,"Kobe, Japan",,Kiyoshi Kurosawa,tt3265404,Japan
1966-1-14,"Stockport, Greater Manchester, England, UK",,Carol Morley,tt1819513,United Kingdom
1953-0-0,"Port-au-Prince, Haiti",,Raoul Peck,tt0246765,Haiti
1969-10-9,"London, England, UK",,Steve McQueen,tt0986233,United Kingdom
1972-8-24,"Long Beach, California, USA",,Ava DuVernay,tt1211890,United States of America
1966-6-27,"New York City, New York, USA",,J.J. Abrams,tt0796366,United States of America
1960-7-30,"Houston, Texas, USA",,Richard Linklater,tt0243017,United States of America
1963-12-27,"Buenos Aires, Argentina",,Gaspar Noé,tt1191111,Argentina
1967-3-20,"Auchel, Pas-de-Calais, France",,Xavier Beauvois,tt1588337,France
1959-4-7,"Düsseldorf, West Germany",,Philip Gröning,tt0478160,West Germany
1961-2-10,"Omaha, Nebraska, USA",,Alexander Payne,tt1033575,United States of America
1982-10-14,"Manhattan, New York, USA",,Benh Zeitlin,tt2125435,United States of America
1962-10-17,"Guayaquil, Ecuador",,Mike Judge,tt0387808,Ecuador
1951-11-27,"San Carlos, California, USA",,Kathryn Bigelow,tt0887912,United States of America
1956-9-11,"Manhattan, New York City, New York, USA",,Tony Gilroy,tt0465538,United States of America
1968-1-4,"Bremen, West Germany [now Germany]",,Valeska Grisebach,tt0416213,West Germany [now Germany]
1985-6-21,"Kilkenny, Ireland",,David O'Reilly,tt1720261,Ireland
1976-12-12,"Karlsruhe, Baden-Württemberg, Germany",,Maren Ade,tt4048272,Germany
1970-5-24,"Fenyang, Shanxi, China",,Zhangke Jia,tt0258885,China
1966-12-14,"Salta, Argentina",,Lucrecia Martel,tt0300270,Argentina
1961-11-28,"Mexico City, Distrito Federal, Mexico",,Alfonso Cuarón,tt0245574,Mexico
1942-11-17,"Queens, New York City, New York, USA",,Martin Scorsese,tt0970179,United States of America
1936-10-23,"Chicago, Illinois, USA",,Philip Kaufman,tt0180073,United States of America
1971-11-28,"Taree, New South Wales, Australia",,Wayne Blair,tt1673697,Australia
1974-2-18,"Beirut, Lebanon",,Nadine Labaki,tt1772424,Lebanon
1975-0-0,"Jaffa, Tel Aviv, Israel",,Scandar Copti,tt1077262,Israel
1953-9-3,"Roanne, Loire, Rhône-Alpes, France",,Jean-Pierre Jeunet,tt0211915,France
1954-8-16,"Kapuskasing, Ontario, Canada",,James Cameron,tt0499549,Canada
1951-11-14,"Xi'an, Shaanxi, China",,Yimou Zhang,tt3125472,China
1969-2-12,"Brooklyn, New York City, New York, USA",,Darren Aronofsky,tt1125849,United States of America
,,,Justyna Michalska,tt5170434,
,,,Shyam Madiraju,tt3032282,
1949-5-18,"Appleton, Wisconsin, USA",,Terry Zwigoff,tt0162346,United States of America
,,,Kelly Reichardt,tt1152850,
1976-12-12,"Karlsruhe, Baden-Württemberg, Germany",,Maren Ade,tt1204773,Germany
1947-4-8,"Meixian, Guangdong, China",,Hsiao-Hsien Hou,tt0283283,China
1960-10-31,"Roubaix, Nord, France",,Arnaud Desplechin,tt4048050,France
1977-3-25,"Caracas, Venezuela",,Edgar Ramírez,tt1321865,Venezuela
1948-4-6,"Paris, France",,Philippe Garrel,tt0443844,France
1970-6-1,"Tours, France",,Jean-Charles Fitoussi,tt0365398,France
1960-9-14,"Hilden, North Rhine-Westphalia, Germany",,Christian Petzold,tt2764784,Germany
1922-12-24,"Semeniskiai, Lithuania",2019-1-23,Jonas Mekas,tt0262240,Lithuania
1958-8-20,"Manhattan, New York City, New York, USA",,David O. Russell,tt1045658,United States of America
1967-3-29,"Paris, France",,Michel Hazanavicius,tt1655442,France
1943-2-20,"Salford, Greater Manchester, England, UK",,Mike Leigh,tt0383694,United Kingdom
1963-3-9,"Montreal, Quebec, Canada",,Jean-Marc Vallée,tt2305051,Canada
,,,Naji Abu Nowar,tt3170902,
1969-2-1,"Baneh, Iran",,Bahman Ghobadi,tt0259072,Iran
1963-4-30,"Truro, Cornwall, England, UK",,James Marsh,tt1155592,United Kingdom
1959-9-1,"Paris, France",,Rachid Bouchareb,tt0444182,France
1940-11-22,"Lwów, Lwowskie, Poland [now Lviv, Ukraine]",2016-2-17,Andrzej Zulawski,tt4035268,Ukraine]
1963-1-14,"Atlanta, Georgia, USA",,Steven Soderbergh,tt0892255,United States of America
1946-4-21,"Paris, France",,Claire Denis,tt0422491,France
1969-12-5,"Glasgow, Strathclyde, Scotland, UK",,Lynne Ramsay,tt0300214,United Kingdom
1960-7-11,"Mianeh, Azarbaijan Province, Iran",,Jafar Panahi,tt0255094,Iran
1949-9-25,"Calzada de Calatrava, Ciudad Real, Castilla-La Mancha, Spain",,Pedro Almodóvar,tt0275491,Spain
1952-4-30,"Paris, France",,Jacques Audiard,tt2053425,France
1967-11-15,"Paris, France",,François Ozon,tt0354356,France
1959-1-26,"Istanbul, Turkey",,Nuri Bilge Ceylan,tt2758880,Turkey
,,,Jeff Tremaine,tt1116184,
1957-10-27,"Kuching, Sarawak, Malaysia",,Ming-liang Tsai,tt0269746,Malaysia
1961-2-10,"Omaha, Nebraska, USA",,Alexander Payne,tt1821549,United States of America
1959-11-2,"Peterhead, Scotland, UK",,Peter Mullan,tt0318411,United Kingdom
1981-2-5,"Paris, France",,Mia Hansen-Løve,tt1356928,France
1970-5-31,"Naples, Campania, Italy",,Paolo Sorrentino,tt0398883,Italy
1955-1-25,"Paris, France",,Olivier Assayas,tt0836700,France
1969-8-1,"Shaker Heights, Ohio, USA",,David Wain,tt0243655,United States of America
1951-5-14,"Chicago, Illinois, USA",,Robert Zemeckis,tt0162222,United States of America
1947-4-8,"Meixian, Guangdong, China",,Hsiao-Hsien Hou,tt0412596,China
1963-10-12,"Sapporo, Hokkaido, Japan",2010-8-24,Satoshi Kon,tt0291350,Japan
1952-12-20,"Belfast, Northern Ireland, UK",,Terry George,tt0395169,United Kingdom
1965-3-26,"London, England, UK",,Jonathan Glazer,tt0337876,United Kingdom
1971-10-10,"Mexico City, Distrito Federal, Mexico",,Carlos Reygadas,tt0841925,Mexico
1963-2-6,"Cambridge, Massachusetts, USA",,Debra Granik,tt1399683,United States of America
1971-5-30,"Bromley, Kent, England, UK",,Duncan Jones,tt1182345,United Kingdom
1964-10-19,"Antony, Hauts-de-Seine, France",,Agnès Jaoui,tt0216787,France
1967-10-7,"Wellington, New Zealand",,Andrew Dominik,tt0443680,New Zealand
1961-10-31,"Pukerua Bay, North Island, New Zealand",,Peter Jackson,tt0120737,New Zealand
,,,Nouri Bouzid,tt0976145,
1951-11-14,"Xi'an, Shaanxi, China",,Yimou Zhang,tt0385004,China
,,,Rehad Desai,tt3677896,
,,,Mohamed Diab,tt1764141,
1960-0-0,"Cape Town, South Africa",,Oliver Schmitz,tt0215841,South Africa
1966-6-7,"New Providence, New Jersey, USA",,Tom McCarthy,tt1895587,United States of America
1973-5-24,"Fullerton, California, USA",,Michael Felsher,tt1669696,United States of America
1965-3-26,"London, England, UK",,Jonathan Glazer,tt0203119,United Kingdom
1968-4-17,"Philadelphia, Pennsylvania, USA",,Adam McKay,tt0357413,United States of America
1943-0-0,"Chicago, Illinois, USA",,Thom Andersen,tt0379357,United States of America
1973-5-11,"Watertown, New York, USA",,Mark Neveldine,tt0479884,United States of America
1976-12-12,"Karlsruhe, Baden-Württemberg, Germany",,Maren Ade,tt0386862,Germany
1943-2-5,"Chicago, Illinois, USA",,Michael Mann,tt0430357,United States of America
1960-10-25,"Seoul, Korea",,Sang-soo Hong,tt0835787,North Korea
1941-8-11,"Santiago, Chile",,Patricio Guzmán,tt1556190,Chile
1952-8-12,"Beijing, China",,Kaige Chen,tt0304808,China
1962-6-22,Hong Kong,,Stephen Chow,tt0373074,China
1958-10-3,"Vienna, Austria",,Peter Tscherkassky,tt0493428,Austria
1954-0-0,"Saint-Étienne, Loire, Rhône-Alpes, France",,Philippe Grandrieux,tt1270702,France
1972-10-12,1972,,Joseph Kahn,tt1701990,1972
,,,Rita Azevedo Gomes,tt2050453,
1924-6-25,"Philadelphia, Pennsylvania, USA",2011-4-9,Sidney Lumet,tt0292963,United States of America
1935-12-1,"Brooklyn, New York City, New York, USA",,Woody Allen,tt0416320,United States of America
1950-6-6,"Brussels, Belgium",2015-10-5,Chantal Akerman,tt4881016,Belgium
1920-4-4,"Tulle, Corrèze, France",2010-1-11,Éric Rohmer,tt0823240,France
1908-12-11,"Oporto, Portugal",2015-4-2,Manoel de Oliveira,tt1282153,Portugal
1912-9-29,"Ferrara, Emilia-Romagna, Italy",2007-7-30,Michelangelo Antonioni,tt0409285,Italy
1944-4-13,"Vicksburg, Mississippi, USA",,Charles Burnett,tt1065628,United States of America
1935-12-1,"Brooklyn, New York City, New York, USA",,Woody Allen,tt1182350,United States of America
1963-3-27,"Knoxville, Tennessee, USA",,Quentin Tarantino,tt3460252,United States of America
1963-4-21,"El Paso, Texas, USA",,John Cameron Mitchell,tt0248845,United States of America
1930-7-3,"Mito, Japan",2003-1-12,Kinji Fukasaku,tt0266308,Japan
1942-9-5,"Munich, Bavaria, Germany",,Werner Herzog,tt1095217,Germany
,,,André Singer,tt3455822,
1973-0-0,"Athens, Greece",,Yorgos Lanthimos,tt3464902,Greece
1948-2-5,"New York City, New York, USA",,Christopher Guest,tt0218839,United States of America
1972-5-7,"Khomeyni Shahr, Isfahan, Iran",,Asghar Farhadi,tt1360860,Iran
1954-6-22,"Hemer, North Rhine-Westphalia, Germany",,Wolfgang Becker,tt0301357,Germany
1947-4-11,"Neuenburg am Rhein, Germany",,Uli Edel,tt0765432,Germany
1963-3-27,"Knoxville, Tennessee, USA",,Quentin Tarantino,tt1853728,United States of America
1959-5-21,"New York City, New York, USA",,Nick Cassavetes,tt0426883,United States of America
1977-10-19,"Montreal, Quebec, Canada",,Jason Reitman,tt1625346,Canada
1965-11-30,"New York City, New York, USA",,Ben Stiller,tt0942385,United States of America
1941-6-20,"Leicester, Leicestershire, England, UK",,Stephen Frears,tt0301199,United Kingdom
,,,Bart Layton,tt1966604,
1976-7-25,"Margate, Kent, England, UK",,Ana Lily Amirpour,tt2062469,United Kingdom
1973-0-0,"Miami, Florida, USA",,S. Craig Zahler,tt2494362,United States of America
1941-6-20,"Leicester, Leicestershire, England, UK",,Stephen Frears,tt0436697,United Kingdom
1959-1-26,"Istanbul, Turkey",,Nuri Bilge Ceylan,tt0498097,Turkey
,,,Sian Davies,tt1095488,
1968-4-27,"Iasi, Romania",,Cristian Mungiu,tt2258281,Romania
,,,Luke Fowler,tt2261217,
1954-4-1,"Daegu, South Korea",,Chang-dong Lee,tt0320193,South Korea
1945-11-10,"Liverpool, England, UK",,Terence Davies,tt0200720,United Kingdom
1959-0-0,"Marlborough, England, UK",,Steven Knight,tt2692904,United Kingdom
1977-7-10,"Oakland, California, USA",,Cary Joji Fukunaga,tt1127715,United States of America
1963-8-15,"Mexico City, Distrito Federal, Mexico",,Alejandro G. Iñárritu,tt0449467,Mexico
,,,Ben Rivers,tt4881172,
1958-12-30,"Datu Paglas, Maguindanao, Mindanao, Philippines",,Lav Diaz,tt3303310,Philippines
1976-7-2,"Caserta, Campania, Italy",,Pietro Marcello,tt2188860,Italy
1950-6-6,"Brussels, Belgium",2015-10-5,Chantal Akerman,tt0216605,Belgium
1969-4-14,"New York City, New York, USA",,James Gray,tt0138946,United States of America
1969-5-30,"Nara, Japan",,Naomi Kawase,tt0363060,Japan
1939-4-7,"Detroit, Michigan, USA",,Francis Ford Coppola,tt1756851,United States of America
1966-0-0,"Lisbon, Portugal",,João Pedro Rodrigues,tt1424361,Portugal
1945-11-10,"Liverpool, England, UK",,Terence Davies,tt1700844,United Kingdom
1968-5-3,"Champaign, Illinois, USA",,Nina Paley,tt1172203,United States of America
,,,Florence Colombani,tt0496406,
1960-1-10,"Nairobi, Kenya",,Gurinder Chadha,tt0286499,Kenya
1957-10-15,"Bhubaneshwar, Orissa, India",,Mira Nair,tt0433416,India
1961-10-11,"Nazareth, Israel",,Hany Abu-Assad,tt0445620,Israel
1965-8-1,"Reading, Berkshire, England, UK",,Sam Mendes,tt0959337,United Kingdom
1952-4-30,"Paris, France",,Jacques Audiard,tt0411270,France
1973-8-25,"Hamburg, West Germany",,Fatih Akin,tt0880502,West Germany
1967-10-3,"Trois-Rivières, Québec, Canada",,Denis Villeneuve,tt1255953,Canada
1964-2-6,"Novosibirsk, Novosibirskaya oblast, RSFSR, USSR [now Russia]",,Andrey Zvyagintsev,tt1925421,USSR [now Russia]
1944-8-21,"Sydney, New South Wales, Australia",,Peter Weir,tt0311113,Australia
1970-7-30,"London, England, UK",,Christopher Nolan,tt0482571,United Kingdom
1977-1-7,"Newry, Northern Ireland, UK",,Tomm Moore,tt1865505,United Kingdom
,,,Clio Barnard,tt1623008,
,,,Christian Marclay,tt2008009,
1971-7-24,"George Air Force Base, Victorville, California, USA",,Patty Jenkins,tt0340855,United States of America
1941-12-23,"Forecariah, Guinea",2006-4-18,Henri Duparc,tt0463936,Papua New Guinea
1952-10-27,"Manciano La Misericordia, Castiglion Fiorentino, Tuscany, Italy",,Roberto Benigni,tt0419198,Italy
1960-7-11,"Mianeh, Azarbaijan Province, Iran",,Jafar Panahi,tt4359416,Iran
1954-10-2,"Beersheba, Israel",,Eran Riklis,tt2841572,Israel
1988-4-27,"Calgary, Alberta, Canada",,Jane Hancock,tt2853250,Canada
1975-3-20,"North Carolina, USA",,Ramin Bahrani,tt2891174,United States of America
1946-3-13,"Paris, France",,Yann Arthus-Bertrand,tt3327994,France
1970-9-29,"Copenhagen, Denmark",,Nicolas Winding Refn,tt0780504,Denmark
1960-4-4,Hong Kong,,Andrew Lau Wai-Keung,tt0338564,China
1966-12-1,"Auckland, New Zealand",,Andrew Adamson,tt0126029,New Zealand
1960-7-28,"Nazareth, Israel",,Elia Suleiman,tt1037163,Israel
1954-3-21,"Lattakia, Syria",,Ossama Mohammed,tt0303792,Syria
,,,Mani Haghighi,tt0499335,
1947-4-8,"Meixian, Guangdong, China",,Hsiao-Hsien Hou,tt0459666,China
1942-11-17,"Queens, New York City, New York, USA",,Martin Scorsese,tt0407887,United States of America
1966-0-0,"Berkeley, California, USA",,Mike Mills,tt1532503,United States of America
1943-11-30,"Ottawa, Illinois, USA",,Terrence Malick,tt2101383,United States of America
1975-6-1,"Nuneaton, Warwickshire, England, UK",,Gareth Edwards,tt0831387,United Kingdom
,,,Liz Garbus,tt0368745,
1969-10-19,"Conifer, Colorado, USA",,Trey Parker,tt0372588,United States of America
1962-6-6,"Tokyo, Japan",,Hirokazu Koreeda,tt1087578,Japan
1968-4-17,"Philadelphia, Pennsylvania, USA",,Adam McKay,tt0838283,United States of America
1954-4-30,"Wellington, New Zealand",,Jane Campion,tt0810784,New Zealand
1961-10-31,"Pukerua Bay, North Island, New Zealand",,Peter Jackson,tt0167260,New Zealand
1972-5-0,"Billericay, Essex, England, UK",,Ben Wheatley,tt1788391,United Kingdom
1961-12-16,"Pittsburgh, Pennsylvania, USA",,Shane Black,tt0373469,United States of America
1954-4-23,"Flint, Michigan, USA",,Michael Moore,tt0310793,United States of America
1970-0-0,"Alice Springs, Northern Territory, Australia",,Warwick Thornton,tt1340123,Australia
1944-7-17,"Paris, France",2019-5-11,Jean-Claude Brisseau,tt0287963,France
1966-12-14,"Salta, Argentina",,Lucrecia Martel,tt0240419,Argentina
,,,Patrick Wang,tt1845804,
1952-7-24,"Louisville, Kentucky, USA",,Gus Van Sant,tt0302674,United States of America
1943-3-31,"Gothenburg, Västra Götalands län, Sweden",,Roy Andersson,tt0120263,Sweden
1957-10-27,"Kuching, Sarawak, Malaysia",,Ming-liang Tsai,tt3521442,Malaysia
1947-2-22,"Helsinki, Finland",,Pirjo Honkasalo,tt0424272,Finland
1971-10-10,"Mexico City, Distrito Federal, Mexico",,Carlos Reygadas,tt0322824,Mexico
1968-0-0,"Recife, Pernambuco, Brazil",,Kleber Mendonça Filho,tt2190367,Brazil
1961-6-15,"Melle, Deux-Sevres, France",,Laurent Cantet,tt0279065,France
1983-8-13,"Bratislava, Czechoslovakia [now Slovak Republic]",,Tatiana Pauhofová,tt2280344,Czechoslovakia [now Slovak Republic]
1960-9-14,"Hilden, North Rhine-Westphalia, Germany",,Christian Petzold,tt2178941,Germany
1964-5-27,"Seoul, South Korea",,Jee-woon Kim,tt0365376,South Korea
,,,Kelly Reichardt,tt1518812,
1956-11-8,"Wellington, New Zealand",,Richard Curtis,tt0314331,New Zealand
1960-10-17,"Madison, Wisconsin, USA",,Rob Marshall,tt0299658,United States of America
1941-6-20,"Leicester, Leicestershire, England, UK",,Stephen Frears,tt0146882,United Kingdom
1965-9-5,"Bristol, England, UK",,Christopher Morris,tt1341167,United Kingdom
1972-9-10,"Gorakhpur, Uttar Pradesh, India",,Anurag Kashyap,tt1954470,India
1972-12-26,"Uttoxeter, Staffordshire, England, UK",,Shane Meadows,tt0480025,United Kingdom
1949-9-25,"Calzada de Calatrava, Ciudad Real, Castilla-La Mancha, Spain",,Pedro Almodóvar,tt1189073,Spain
1972-0-0,"Dublin, Ireland",,John Carney,tt0907657,Ireland
1970-7-16,"Bangkok, Thailand",,Apichatpong Weerasethakul,tt0317171,Thailand
1963-5-8,"Versailles, Seine-et-Oise [now Yvelines], France",,Michel Gondry,tt0799934,France
1948-4-6,"Paris, France",,Philippe Garrel,tt1073535,France
1957-10-27,"Kuching, Sarawak, Malaysia",,Ming-liang Tsai,tt0855824,Malaysia
1960-10-31,"Roubaix, Nord, France",,Arnaud Desplechin,tt0344273,France
1960-5-2,"Dorset, England, UK",,Stephen Daldry,tt0274558,United Kingdom
1963-1-5,"Tangshan, China",,Wen Jiang,tt0769507,China
