Metascore,director,dlink,imdb_rate_num,imdb_rating,movie_name,mv_fullname,titleId
83,David Lynch,/name/nm0000186/,"291,785",8.0,Mulholland Dr. ,Mulholland Dr. (2001) ,tt0166924
85,Kar-Wai Wong,/name/nm0939182/,"106,308",8.1,In the Mood for Love ,In the Mood for Love (2000) ,tt0118694
85,Terrence Malick,/name/nm0000517/,"156,582",6.8,The Tree of Life ,The Tree of Life (2011) ,tt0478304
75,Jean-Luc Godard,/name/nm0000419/,"4,918",5.9,Adieu au langage ,Adieu au langage (2014) ,tt2400275
,Mohammad Rasoulof,/name/nm1488024/,458,7.6,Keshtzar haye sepid ,Keshtzar haye sepid (2009) ,tt1509132
76,Raoul Ruiz,/name/nm0749914/,409,6.1,La Noche de Enfrente ,La Noche de Enfrente (2012) ,tt1876360
82,Abbas Kiarostami,/name/nm0452102/,"18,296",7.3,Certified Copy ,Certified Copy (2010) ,tt1020773
,Johnnie To,/name/nm0864775/,"2,556",6.7,Man jeuk ,Man jeuk (2008) ,tt0491044
,,,,,Fados ,Fados (1970) ,tt0132143
89,Michel Gondry,/name/nm0327273/,"828,533",8.3,Eternal Sunshine of the Spotless Mind ,Eternal Sunshine of the Spotless Mind (2004) ,tt0338013
71,Apichatpong Weerasethakul,/name/nm0917405/,"3,377",7.5,Sang sattawat ,Sang sattawat (2006) ,tt0477731
96,Hayao Miyazaki,/name/nm0594503/,"561,576",8.6,Spirited Away ,Spirited Away (2001) ,tt0245429
,,,,,,,tt6426400
88,Wes Anderson,/name/nm0027572/,"636,092",8.1,The Grand Budapest Hotel ,The Grand Budapest Hotel (2014) ,tt2278388
69,Terrence Malick,/name/nm0000517/,"78,753",6.7,The New World ,The New World (2005) ,tt0402399
81,Zhangke Jia,/name/nm0422605/,"2,742",7.1,Shijie ,Shijie (2004) ,tt0423176
70,Gus Van Sant,/name/nm0001814/,"80,713",7.2,Elephant ,Elephant (2003) ,tt0363589
95,Kathryn Bigelow,/name/nm0000941/,"251,832",7.4,Zero Dark Thirty ,Zero Dark Thirty (2012) ,tt1790885
81,David Cronenberg,/name/nm0000343/,"211,236",7.5,A History of Violence ,A History of Violence (2005) ,tt0399146
80,Martin Campbell,/name/nm0132709/,"540,713",8.0,Casino Royale ,Casino Royale (2006) ,tt0381061
78,Miguel Gomes,/name/nm0326937/,"6,030",7.3,Tabu ,Tabu (2012) ,tt2153963
82,Pablo Berger,/name/nm0074311/,"9,767",7.6,Blancanieves ,Blancanieves (2012) ,tt1854513
82,Courtney Hunt,/name/nm2581581/,"23,588",7.2,Frozen River ,Frozen River (2008) ,tt0978759
90,Robert Altman,/name/nm0000265/,"73,906",7.3,Gosford Park ,Gosford Park (2001) ,tt0280707
74,Christopher Nolan,/name/nm0634240/,"1,848,653",8.8,Inception ,Inception (2010) ,tt1375666
98,Guillermo del Toro,/name/nm0868219/,"574,029",8.2,Pan's Labyrinth ,Pan's Labyrinth (2006) ,tt0457430
83,Michael Haneke,/name/nm0359734/,"66,500",7.3,Caché ,Caché (2005) ,tt0387898
87,Werner Herzog,/name/nm0001348/,"48,431",7.8,Grizzly Man ,Grizzly Man (2005) ,tt0427312
84,Leos Carax,/name/nm0136021/,"37,006",7.1,Holy Motors ,Holy Motors (2012) ,tt2076220
80,Claude Lanzmann,/name/nm0487351/,579,7.2,Le dernier des injustes ,Le dernier des injustes (2013) ,tt2340784
93,Paul Thomas Anderson,/name/nm0000759/,"465,237",8.2,There Will Be Blood ,There Will Be Blood (2007) ,tt0469494
79,Michael Haneke,/name/nm0359734/,"49,708",7.5,The Piano Teacher ,The Piano Teacher (2001) ,tt0254686
61,Kenneth Lonergan,/name/nm0518836/,"14,743",6.5,Margaret ,Margaret (2011) ,tt0466893
64,Mary Harron,/name/nm0366004/,"433,049",7.6,American Psycho ,American Psycho (2000) ,tt0144084
71,Jessica Hausner,/name/nm0369618/,"2,888",6.9,Lourdes ,Lourdes (2009) ,tt1405809
73,Andrea Arnold,/name/nm0036349/,"11,456",6.8,Red Road ,Red Road (2006) ,tt0471030
100,Richard Linklater,/name/nm0000500/,"316,254",7.9,Boyhood ,Boyhood (2014) ,tt1065073
72,Pablo Larraín,/name/nm1883257/,"2,948",6.8,Tony Manero ,Tony Manero (2008) ,tt1223975
95,Asghar Farhadi,/name/nm1410815/,"198,560",8.3,A Separation ,A Separation (2011) ,tt1832382
90,Andrew Stanton,/name/nm0004056/,"871,112",8.1,Finding Nemo ,Finding Nemo (2003) ,tt0266543
85,Yimou Zhang,/name/nm0955443/,"166,301",7.9,Ying xiong ,Ying xiong (2002) ,tt0299977
75,Martin Scorsese,/name/nm0000217/,"1,040,255",8.2,The Wolf of Wall Street ,The Wolf of Wall Street (2013) ,tt0993846
79,Joon-ho Bong,/name/nm0094435/,"37,652",7.8,Mother ,Mother (2009) ,tt1216496
85,Paul Greengrass,/name/nm0339030/,"580,503",8.0,The Bourne Ultimatum ,The Bourne Ultimatum (2007) ,tt0440963
86,Steven Soderbergh,/name/nm0001752/,"186,491",7.6,Traffic ,Traffic (2000) ,tt0181865
,Danièle Huillet,/name/nm0401247/,179,6.9,Quei loro incontri ,Quei loro incontri (2006) ,tt0815227
85,Marco Bellocchio,/name/nm0069166/,"4,967",6.9,Vincere ,Vincere (2009) ,tt1156173
80,Michelangelo Frammartino,/name/nm1506005/,"3,407",7.2,Le Quattro Volte ,Le Quattro Volte (2010) ,tt1646975
,Ermanno Olmi,/name/nm0647438/,"1,274",7.0,Il mestiere delle armi ,Il mestiere delle armi (2001) ,tt0245276
,Paolo Benvenuti,/name/nm0073047/,154,7.2,Gostanza da Libbiano ,Gostanza da Libbiano (2000) ,tt0257726
,Franco Piavoli,/name/nm0681311/,202,7.3,Al primo soffio di vento ,Al primo soffio di vento (2002) ,tt0328825
,Pippo Delbono,/name/nm2647632/,26,5.9,Sangue ,Sangue (2013) ,tt3102590
,Marco De Angelis,/name/nm3722813/,,,Earth ,Earth (2015) ,tt5152918
,Yervant Gianikian,/name/nm0316214/,53,7.4,Oh! Uomo ,Oh! Uomo (2004) ,tt0431958
,Wendy Ord,/name/nm0649488/,95,4.1,Black Swan ,Black Swan (2002) ,tt0271400
,Rick Alverson,/name/nm3687830/,"4,269",6.4,The Comedy ,The Comedy (2012) ,tt2112293
80,Lars von Trier,/name/nm0001885/,"153,864",7.2,Melancholia ,Melancholia (2011) ,tt1527186
69,Quentin Tarantino,/name/nm0000233/,"1,124,627",8.3,Inglourious Basterds ,Inglourious Basterds (2009) ,tt0361748
93,Ethan Coen,/name/nm0001053/,"124,146",7.5,Inside Llewyn Davis ,Inside Llewyn Davis (2013) ,tt2042568
79,Jim Jarmusch,/name/nm0000464/,"81,330",7.3,Only Lovers Left Alive ,Only Lovers Left Alive (2013) ,tt1714915
63,Ari Folman,/name/nm0284369/,"16,038",6.5,The Congress ,The Congress (2013) ,tt1821641
86,Paul Thomas Anderson,/name/nm0000759/,"131,924",7.1,The Master ,The Master (2012) ,tt1560747
67,Spike Lee,/name/nm0000490/,"162,939",7.7,25th Hour ,25th Hour (2002) ,tt0307901
85,Michael Winterbottom,/name/nm0935863/,"30,538",7.4,24 Hour Party People ,24 Hour Party People (2002) ,tt0274309
82,Nuri Bilge Ceylan,/name/nm0149196/,"34,838",7.9,Bir Zamanlar Anadolu'da ,Bir Zamanlar Anadolu'da (2011) ,tt1827487
78,David Fincher,/name/nm0000399/,"393,807",7.7,Zodiac ,Zodiac (2007) ,tt0443706
79,Ethan Coen,/name/nm0001053/,"122,185",7.1,A Serious Man ,A Serious Man (2009) ,tt1019452
85,Tomas Alfredson,/name/nm0019247/,"175,189",7.1,Tinker Tailor Soldier Spy ,Tinker Tailor Soldier Spy (2011) ,tt1340800
68,Shane Carruth,/name/nm1503403/,"90,035",6.9,Primer ,Primer (2004) ,tt0390384
87,Apichatpong Weerasethakul,/name/nm0917405/,"11,785",6.7,Loong Boonmee raleuk chat ,Loong Boonmee raleuk chat (2010) ,tt1588895
78,Kar-Wai Wong,/name/nm0939182/,"47,123",7.5,2046 ,2046 (2004) ,tt0212712
83,Spike Jonze,/name/nm0005069/,"165,477",7.7,Adaptation. ,Adaptation. (2002) ,tt0268126
,Carlos Reygadas,/name/nm1196161/,"5,613",5.6,Batalla en el cielo ,Batalla en el cielo (2005) ,tt0387055
72,David Lynch,/name/nm0000186/,"49,670",7.0,Inland Empire ,Inland Empire (2006) ,tt0460829
82,Raoul Ruiz,/name/nm0749914/,"2,938",7.5,Mistérios de Lisboa ,Mistérios de Lisboa (2010) ,tt1236371
84,Alfonso Cuarón,/name/nm0190859/,"430,810",7.9,Children of Men ,Children of Men (2006) ,tt0206634
79,Fernando Meirelles,/name/nm0576987/,"647,666",8.6,City of God ,City of God (2002) ,tt0317248
90,Brad Bird,/name/nm0083348/,"605,152",8.0,The Incredibles ,The Incredibles (2004) ,tt0317705
87,Alejandro G. Iñárritu,/name/nm0327944/,"521,327",7.7,Birdman or (The Unexpected Virtue of Ignorance) ,Birdman or (The Unexpected Virtue of Ignorance) (2014) ,tt2562232
87,Ang Lee,/name/nm0000487/,"300,308",7.7,Brokeback Mountain ,Brokeback Mountain (2005) ,tt0388795
96,Steve McQueen,/name/nm2588606/,"579,385",8.1,12 Years a Slave ,12 Years a Slave (2013) ,tt2024544
81,Andrea Arnold,/name/nm0036349/,"54,930",7.3,Fish Tank ,Fish Tank (2009) ,tt1232776
74,Xavier Dolan,/name/nm0230859/,"43,244",8.1,Mommy ,Mommy (2014) ,tt3612616
86,Pedro Almodóvar,/name/nm0000264/,"97,350",8.0,Talk to Her ,Talk to Her (2002) ,tt0287467
92,Abderrahmane Sissako,/name/nm0803066/,"14,768",7.2,Timbuktu ,Timbuktu (2014) ,tt3409392
88,Ava DuVernay,/name/nm1148550/,"77,900",7.5,Selma ,Selma (2014) ,tt1020072
82,Michael Haneke,/name/nm0359734/,"62,974",7.8,The White Ribbon ,The White Ribbon (2009) ,tt1149362
81,Lucrecia Martel,/name/nm0551506/,"3,980",6.6,La mujer sin cabeza ,La mujer sin cabeza (2008) ,tt1221141
76,Wes Anderson,/name/nm0027572/,"246,534",7.6,The Royal Tenenbaums ,The Royal Tenenbaums (2001) ,tt0265666
84,Wes Anderson,/name/nm0027572/,"292,523",7.8,Moonrise Kingdom ,Moonrise Kingdom (2012) ,tt1748122
89,Sofia Coppola,/name/nm0001068/,"375,410",7.8,Lost in Translation ,Lost in Translation (2003) ,tt0335266
77,Tom Ford,/name/nm1053530/,"99,619",7.6,A Single Man ,A Single Man (2009) ,tt1315981
92,Lee Unkrich,/name/nm0881279/,"688,784",8.3,Toy Story 3 ,Toy Story 3 (2010) ,tt0435761
79,Luca Guadagnino,/name/nm0345174/,"18,541",7.1,Io sono l'amore ,Io sono l'amore (2009) ,tt1226236
71,Richard Kelly,/name/nm0446819/,"699,776",8.1,Donnie Darko ,Donnie Darko (2001) ,tt0246578
81,Paul Thomas Anderson,/name/nm0000759/,"83,720",6.7,Inherent Vice ,Inherent Vice (2014) ,tt1791528
64,Jean-Luc Godard,/name/nm0000419/,"2,315",5.8,Film socialisme ,Film socialisme (2010) ,tt1438535
67,Evan Goldberg,/name/nm1698571/,"361,481",6.6,This Is the End ,This Is the End (2013) ,tt1245492
67,Sofia Coppola,/name/nm0001068/,"40,318",6.3,Somewhere ,Somewhere (2010) ,tt1421051
92,Chantal Akerman,/name/nm0001901/,488,6.4,La folie Almayer ,La folie Almayer (2011) ,tt1532530
,Jacques Rivette,/name/nm0729626/,"1,600",7.0,Histoire de Marie et Julien ,Histoire de Marie et Julien (2003) ,tt0339357
,Spike Lee,/name/nm0000490/,"9,573",6.5,Bamboozled ,Bamboozled (2000) ,tt0215545
78,Jonathan Glazer,/name/nm0322242/,"113,628",6.3,Under the Skin ,Under the Skin (2013) ,tt1441395
88,Duke Johnson,/name/nm2122478/,"58,250",7.3,Anomalisa ,Anomalisa (2015) ,tt2401878
,Eric Darnell,/name/nm0201509/,"147,632",6.8,Madagascar 3: Europe's Most Wanted ,Madagascar 3: Europe's Most Wanted (2012) ,tt1277953
80,Mike Leigh,/name/nm0005139/,"26,321",7.3,Another Year ,Another Year (2010) ,tt1431181
92,Julian Schnabel,/name/nm0773603/,"98,664",8.0,The Diving Bell and the Butterfly ,The Diving Bell and the Butterfly (2007) ,tt0401383
95,David Fincher,/name/nm0000399/,"570,067",7.7,The Social Network ,The Social Network (2010) ,tt1285016
95,Andrew Stanton,/name/nm0004056/,"911,071",8.4,WALL·E ,WALL·E (2008) ,tt0910970
73,Nanni Moretti,/name/nm0604335/,"16,494",7.4,La stanza del figlio ,La stanza del figlio (2001) ,tt0208990
,Mariano Llinás,/name/nm1183471/,823,8.1,Extraordinary Stories ,Extraordinary Stories (2008) ,tt1225831
80,Hsiao-Hsien Hou,/name/nm0396284/,"14,131",6.3,The Assassin ,The Assassin (2015) ,tt3508840
86,Clint Eastwood,/name/nm0000142/,"588,126",8.1,Million Dollar Baby ,Million Dollar Baby (2004) ,tt0405159
92,Andrey Zvyagintsev,/name/nm1168657/,"43,384",7.6,Leviathan ,Leviathan (2014) ,tt2802154
76,Zhangke Jia,/name/nm0422605/,"9,122",7.1,A Touch of Sin ,A Touch of Sin (2013) ,tt2852400
84,Nuri Bilge Ceylan,/name/nm0149196/,"16,068",7.7,Uzak ,Uzak (2002) ,tt0346094
90,Jacques Audiard,/name/nm0002191/,"88,306",7.9,A Prophet ,A Prophet (2009) ,tt1235166
88,Abdellatif Kechiche,/name/nm0444244/,"124,947",7.8,Blue Is the Warmest Color ,Blue Is the Warmest Color (2013) ,tt2278871
91,Ousmane Sembene,/name/nm0783733/,"3,270",7.7,Moolaadé ,Moolaadé (2004) ,tt0416991
80,Juan José Campanella,/name/nm0002728/,"173,659",8.2,The Secret in Their Eyes ,The Secret in Their Eyes (2009) ,tt1305806
74,Chan-wook Park,/name/nm0661791/,"461,345",8.4,Oldeuboi ,Oldeuboi (2003) ,tt0364569
77,Catherine Breillat,/name/nm0106924/,"9,630",6.5,Fat Girl ,Fat Girl (2001) ,tt0243255
74,J.A. Bayona,/name/nm1291105/,"137,977",7.5,The Orphanage ,The Orphanage (2007) ,tt0464141
77,Thomas Vinterberg,/name/nm0899121/,"243,852",8.3,The Hunt ,The Hunt (2012) ,tt2106476
63,Harmony Korine,/name/nm0005101/,"126,850",5.3,Spring Breakers ,Spring Breakers (2012) ,tt2101441
84,Guy Maddin,/name/nm0534665/,"4,513",7.6,My Winnipeg ,My Winnipeg (2007) ,tt1093842
77,Roman Polanski,/name/nm0000591/,"148,547",7.2,The Ghost Writer ,The Ghost Writer (2010) ,tt1139328
66,Baz Luhrmann,/name/nm0525303/,"252,389",7.6,Moulin Rouge! ,Moulin Rouge! (2001) ,tt0203009
86,Stephanie Spray,/name/nm5856477/,648,6.6,Manakamana ,Manakamana (2013) ,tt3103326
70,David Fincher,/name/nm0000399/,"541,044",7.8,The Curious Case of Benjamin Button ,The Curious Case of Benjamin Button (2008) ,tt0421715
,Jihan El-Tahri,/name/nm1911613/,94,8.3,"Cuba, une odyssée africaine ","Cuba, une odyssée africaine (2007) ",tt1106760
,Ngozi Onwurah,/name/nm0648937/,213,6.6,Shoot the Messenger ,Shoot the Messenger (2006) ,tt0800199
,IMDbPro,https://pro.imdb.com/title/tt1981051?rf=cons_tt_indev_note,,,Red Leaves             ,Red Leaves             ,tt1981051
,Jean-Marie Téno,/name/nm0879403/,25,6.8,Le malentendu colonial ,Le malentendu colonial (2004) ,tt0474246
,Andrew Dosunmu,/name/nm0234506/,212,5.9,Restless City ,Restless City (2011) ,tt1545464
,Khalo Matabane,/name/nm1988834/,51,7.1,Conversations on a Sunday Afternoon ,Conversations on a Sunday Afternoon (2005) ,tt0471130
64,Amma Asante,/name/nm1392994/,"25,870",7.4,Belle ,Belle (2013) ,tt2404181
68,Darren Aronofsky,/name/nm0004716/,"702,830",8.3,Requiem for a Dream ,Requiem for a Dream (2000) ,tt0180093
,Lars von Trier,/name/nm0001885/,"106,966",6.6,Antichrist ,Antichrist (2009) ,tt0870984
87,Jean-Pierre Dardenne,/name/nm0201094/,"16,486",7.5,The Child ,The Child (2005) ,tt0456396
,Gaspar Noé,/name/nm0637615/,"107,605",7.4,Irréversible ,Irréversible (2002) ,tt0290673
94,Michael Haneke,/name/nm0359734/,"85,164",7.9,Amour ,Amour (2012) ,tt1602620
77,Mira Nair,/name/nm0619762/,"22,188",7.4,Monsoon Wedding ,Monsoon Wedding (2001) ,tt0265343
91,László Nemes,/name/nm1841577/,"39,359",7.5,Saul fia ,Saul fia (2015) ,tt3808342
,Raam Reddy,/name/nm5339365/,"2,065",8.3,Thithi ,Thithi (2015) ,tt4881362
84,Danis Tanovic,/name/nm0849786/,"42,169",8.0,No Man's Land ,No Man's Land (2001) ,tt0283509
91,Ari Folman,/name/nm0284369/,"52,397",8.0,Waltz with Bashir ,Waltz with Bashir (2008) ,tt1185616
62,Jean-Luc Godard,/name/nm0000419/,"2,554",6.5,Éloge de l'amour ,Éloge de l'amour (2001) ,tt0181912
,Josephine Decker,/name/nm2528451/,276,5.2,Butter on the Latch ,Butter on the Latch (2013) ,tt2252304
75,Benny Safdie,/name/nm1509478/,"4,554",6.7,Heaven Knows What ,Heaven Knows What (2014) ,tt3687186
67,Miranda July,/name/nm0432380/,"7,655",6.2,The Future ,The Future (2011) ,tt1235170
,Sara Fattahi,/name/nm7986571/,6,5.7,Coma ,Coma (2015) ,tt5537018
69,Avi Nesher,/name/nm0626409/,670,7.3,Once I Was ,Once I Was (2010) ,tt1655424
82,Joseph Cedar,/name/nm0147737/,"5,332",7.1,Footnote ,Footnote (2011) ,tt1445520
86,Jean-Pierre Dardenne,/name/nm0201094/,"8,357",7.7,Le fils ,Le fils (2002) ,tt0291172
70,Eytan Fox,/name/nm0297202/,"6,405",7.2,Yossi & Jagger ,Yossi & Jagger (2002) ,tt0334754
86,Jennifer Kent,/name/nm0448768/,"172,330",6.8,The Babadook ,The Babadook (2014) ,tt2321549
86,Aleksandr Sokurov,/name/nm0812546/,"17,300",7.4,Russkiy kovcheg ,Russkiy kovcheg (2002) ,tt0318034
94,Pete Docter,/name/nm0230032/,"539,498",8.2,Inside Out ,Inside Out (2015) ,tt2096673
90,Vincent Paronnaud,/name/nm1749112/,"82,279",8.1,Persepolis ,Persepolis (2007) ,tt0808417
90,George Miller,/name/nm0004306/,"784,305",8.1,Mad Max: Fury Road ,Mad Max: Fury Road (2015) ,tt1392190
75,Joe Cornish,/name/nm0180428/,"94,035",6.7,Attack the Block ,Attack the Block (2011) ,tt1478964
90,Richard Linklater,/name/nm0000500/,"209,066",8.1,Before Sunset ,Before Sunset (2004) ,tt0381681
96,Brad Bird,/name/nm0083348/,"582,213",8.0,Ratatouille ,Ratatouille (2007) ,tt0382932
83,Alejandro G. Iñárritu,/name/nm0327944/,"207,561",8.1,Amores Perros ,Amores Perros (2000) ,tt0245712
80,Steven Spielberg,/name/nm0000229/,"471,025",7.6,Minority Report ,Minority Report (2002) ,tt0181689
84,Chang-dong Lee,/name/nm0496969/,"5,576",7.5,Milyang ,Milyang (2007) ,tt0817225
84,Christopher Nolan,/name/nm0634240/,"2,075,049",9.0,The Dark Knight ,The Dark Knight (2008) ,tt0468569
92,Claire Denis,/name/nm0219136/,"3,770",7.1,35 Shots of Rum ,35 Shots of Rum (2008) ,tt1100048
77,Tommy Lee Jones,/name/nm0000169/,"37,099",7.4,The Three Burials of Melquiades Estrada ,The Three Burials of Melquiades Estrada (2005) ,tt0419294
75,Takeshi Kitano,/name/nm0001429/,"45,014",7.6,The Blind Swordsman: Zatoichi ,The Blind Swordsman: Zatoichi (2003) ,tt0363226
61,Lars von Trier,/name/nm0001885/,"93,976",8.0,Dancer in the Dark ,Dancer in the Dark (2000) ,tt0168629
,Alain Gomis,/name/nm0327120/,200,6.4,Aujourd'hui ,Aujourd'hui (2012) ,tt2178935
86,Ken Loach,/name/nm0516360/,"12,109",7.5,Sweet Sixteen ,Sweet Sixteen (2002) ,tt0313670
,Newton I. Aduaka,/name/nm0012529/,221,6.5,Ezra ,Ezra (2007) ,tt0923688
90,Cameron Crowe,/name/nm0001081/,"235,384",7.9,Almost Famous ,Almost Famous (2000) ,tt0181875
82,Joon-ho Bong,/name/nm0094435/,"101,734",8.1,Memories of Murder ,Memories of Murder (2003) ,tt0353969
78,Apichatpong Weerasethakul,/name/nm0917405/,"4,469",7.3,Sud pralad ,Sud pralad (2004) ,tt0381668
90,Aleksey German,/name/nm0314516/,"4,051",6.7,Hard to Be a God ,Hard to Be a God (2013) ,tt2328813
89,Larry Charles,/name/nm0153078/,"333,099",7.3,Borat: Cultural Learnings of America for Make Benefit Glorious Nation of Kazakhstan ,Borat: Cultural Learnings of America for Make Benefit Glorious Nation of Kazakhstan (2006) ,tt0443453
82,Tomas Alfredson,/name/nm0019247/,"195,463",7.9,Let the Right One In ,Let the Right One In (2008) ,tt1139797
,James Kondelik,/name/nm3303482/,"2,170",2.1,Age of Tomorrow ,Age of Tomorrow (2014) ,tt3677466
78,Alex Garland,/name/nm0307497/,"426,507",7.7,Ex Machina ,Ex Machina (2014) ,tt0470752
69,Joss Whedon,/name/nm0923736/,"1,187,256",8.1,The Avengers ,The Avengers (2012) ,tt0848228
,Carlos Haynes,/name/nm1765382/,,,Her ,Her (2006) ,tt1152263
96,Kenneth Lonergan,/name/nm0518836/,"215,641",7.8,Manchester by the Sea ,Manchester by the Sea (2016) ,tt4034228
85,Joon-ho Bong,/name/nm0094435/,"85,325",7.0,The Host ,The Host (2006) ,tt0468492
81,Neill Blomkamp,/name/nm0088955/,"605,786",7.9,District 9 ,District 9 (2009) ,tt1136608
87,Whit Stillman,/name/nm0001775/,"21,213",6.4,Love & Friendship ,Love & Friendship (2016) ,tt3068194
72,Ki-duk Kim,/name/nm1104118/,"45,140",8.0,3-Iron ,3-Iron (2004) ,tt0423866
,Lav Diaz,/name/nm0225010/,242,8.0,Ebolusyon ng isang pamilyang Pilipino ,Ebolusyon ng isang pamilyang Pilipino (2004) ,tt0424062
70,Kiyoshi Kurosawa,/name/nm0475905/,"14,618",6.6,Kairo ,Kairo (2001) ,tt0286751
86,Werner Herzog,/name/nm0001348/,"14,039",7.4,Cave of Forgotten Dreams ,Cave of Forgotten Dreams (2010) ,tt1664894
,Takahisa Zeze,/name/nm0955270/,65,7.3,Hevunzu sutôrî ,Hevunzu sutôrî (2010) ,tt1685536
85,Roman Polanski,/name/nm0000591/,"646,996",8.5,The Pianist ,The Pianist (2002) ,tt0253474
86,Steven Spielberg,/name/nm0000229/,"229,214",7.4,Lincoln ,Lincoln (2012) ,tt0443272
79,Ang Lee,/name/nm0000487/,"537,720",7.9,Life of Pi ,Life of Pi (2012) ,tt0454876
84,Clint Eastwood,/name/nm0000142/,"389,599",8.0,Mystic River ,Mystic River (2003) ,tt0327056
90,David O. Russell,/name/nm0751102/,"419,226",7.2,American Hustle ,American Hustle (2013) ,tt1800241
78,Susanne Bier,/name/nm0081540/,"29,499",7.8,After the Wedding ,After the Wedding (2006) ,tt0457655
80,Christopher Nolan,/name/nm0634240/,"1,034,566",8.5,Memento ,Memento (2000) ,tt0209144
96,Alfonso Cuarón,/name/nm0190859/,"712,461",7.7,Gravity ,Gravity (2013) ,tt1454468
79,Jørgen Leth,/name/nm0504654/,"7,615",7.5,De fem benspænd ,De fem benspænd (2003) ,tt0354575
91,Pawel Pawlikowski,/name/nm0667734/,"46,955",7.4,Ida ,Ida (2013) ,tt2718492
88,Hirokazu Koreeda,/name/nm0466153/,"21,636",8.1,Nobody Knows ,Nobody Knows (2004) ,tt0408664
77,Damián Szifron,/name/nm1167933/,"152,003",8.1,Relatos salvajes ,Relatos salvajes (2014) ,tt3011894
,Bouli Lanners,/name/nm0099521/,"1,974",6.8,Eldorado ,Eldorado (2008) ,tt1176954
,John Akomfrah,/name/nm0015497/,119,7.1,The Stuart Hall Project ,The Stuart Hall Project (2013) ,tt2578290
,Abderrahmane Sissako,/name/nm0803066/,848,6.7,Heremakono ,Heremakono (2002) ,tt0308363
,Judy Kibinge,/name/nm1834196/,57,7.0,Something Necessary ,Something Necessary (2013) ,tt2400272
78,Emad Burnat,/name/nm4796818/,"5,495",7.9,Five Broken Cameras ,Five Broken Cameras (2011) ,tt2125423
78,Nanfu Wang,/name/nm6811599/,327,7.3,Hooligan Sparrow ,Hooligan Sparrow (2016) ,tt4079902
,Junfeng Boo,/name/nm3008853/,99,7.5,7 Letters ,7 Letters (2015) ,tt4691166
81,Andrew Haigh,/name/nm0354091/,"25,529",7.6,Weekend ,Weekend (2011) ,tt1714210
86,David France,/name/nm0289800/,"3,515",7.6,How to Survive a Plague ,How to Survive a Plague (2012) ,tt2124803
90,Shari Springer Berman,/name/nm0075849/,"45,644",7.5,American Splendor ,American Splendor (2003) ,tt0305206
71,Travis Wilkerson,/name/nm1288933/,155,7.9,An Injury to One ,An Injury to One (2002) ,tt0342570
70,Gina Prince-Bythewood,/name/nm0697656/,"16,739",7.2,Love & Basketball ,Love & Basketball (2000) ,tt0199725
,Don Hertzfeldt,/name/nm0381116/,"2,173",8.6,It's Such a Beautiful Day ,It's Such a Beautiful Day (2011) ,tt2078648
76,Robert Greene,/name/nm1914992/,319,6.1,Actress ,Actress (2014) ,tt3212392
95,Todd Haynes,/name/nm0001331/,"101,192",7.2,Carol ,Carol (2015) ,tt2402927
83,Hayao Miyazaki,/name/nm0594503/,"61,232",7.8,Kaze tachinu ,Kaze tachinu (2013) ,tt2013293
,Jacob Krupnick,/name/nm4937026/,297,7.9,Girl Walk: All Day ,Girl Walk: All Day (2011) ,tt2287749
71,Michael Mann,/name/nm0000520/,"335,969",7.5,Collateral ,Collateral (2004) ,tt0369339
,Jim McKay,/name/nm0570995/,"1,069",6.6,Everyday People ,Everyday People (2004) ,tt0365020
,Michael J. Saul,/name/nm0766663/,21,6.7,Nightcrawler ,Nightcrawler (2011) ,tt1964955
85,Jeff Nichols,/name/nm2158772/,"83,458",7.4,Take Shelter ,Take Shelter (2011) ,tt1675192
79,Asif Kapadia,/name/nm0438090/,"55,586",8.6,Senna ,Senna (2010) ,tt1424432
82,Noah Baumbach,/name/nm0000876/,"60,250",7.4,Frances Ha ,Frances Ha (2012) ,tt2347569
73,Yorgos Lanthimos,/name/nm0487166/,"69,296",7.3,Dogtooth ,Dogtooth (2009) ,tt1379182
81,Roy Andersson,/name/nm0027815/,"14,251",7.0,En duva satt på en gren och funderade på tillvaron ,En duva satt på en gren och funderade på tillvaron (2014) ,tt1883180
81,Andrzej Wajda,/name/nm0906667/,"14,385",7.1,Katyn ,Katyn (2007) ,tt0879843
81,Zhangke Jia,/name/nm0422605/,"5,220",7.3,Still Life ,Still Life (2006) ,tt0859765
82,Joanna Hogg,/name/nm0389712/,"2,009",6.3,Archipelago ,Archipelago (2010) ,tt1527835
74,Elia Suleiman,/name/nm0837839/,"3,146",6.6,Divine Intervention ,Divine Intervention (2002) ,tt0274428
81,Jafar Panahi,/name/nm0070159/,"4,093",7.5,Talaye sorkh ,Talaye sorkh (2003) ,tt0371280
83,Sam Raimi,/name/nm0000600/,"502,322",7.3,Spider-Man 2 ,Spider-Man 2 (2004) ,tt0316654
74,Chris Buck,/name/nm0118333/,"518,975",7.5,Frozen ,Frozen (2013) ,tt2294629
76,Edgar Wright,/name/nm0942367/,"471,370",7.9,Shaun of the Dead ,Shaun of the Dead (2004) ,tt0365748
72,Steve McQueen,/name/nm2588606/,"171,731",7.2,Shame ,Shame (2011) ,tt1723811
78,Fatih Akin,/name/nm0015359/,"47,289",7.9,Head-On ,Head-On (2004) ,tt0347048
94,Alexander Payne,/name/nm0668247/,"170,090",7.5,Sideways ,Sideways (2004) ,tt0375063
,Lars von Trier,/name/nm0001885/,"126,800",8.0,Dogville ,Dogville (2003) ,tt0276919
,Destin Daniel Cretton,/name/nm2308774/,511,7.4,Short Term 12 ,Short Term 12 (2008) ,tt1299384
81,Derek Cianfrance,/name/nm0161834/,"170,596",7.4,Blue Valentine ,Blue Valentine (2010) ,tt1120985
82,Noah Baumbach,/name/nm0000876/,"69,539",7.4,The Squid and the Whale ,The Squid and the Whale (2005) ,tt0367089
,Clint Eastwood,/name/nm0000142/,"30,494",6.8,Jersey Boys ,Jersey Boys (2014) ,tt1742044
80,Fabián Bielinsky,/name/nm0081433/,"45,916",7.9,Nine Queens ,Nine Queens (2000) ,tt0247586
70,Nanni Moretti,/name/nm0604335/,"6,238",6.8,Mia madre ,Mia madre (2015) ,tt3013610
76,Greg Mottola,/name/nm0609549/,"146,800",6.8,Adventureland ,Adventureland (2009) ,tt1091722
67,Kevin Costner,/name/nm0000126/,"62,242",7.5,Open Range ,Open Range (2003) ,tt0316356
,John Gianvito,/name/nm1072936/,146,7.0,Profit Motive and the Whispering Wind ,Profit Motive and the Whispering Wind (2007) ,tt1158308
81,Frederick Wiseman,/name/nm0936464/,480,7.2,In Jackson Heights ,In Jackson Heights (2015) ,tt4936064
78,Sion Sono,/name/nm0814469/,"10,092",8.1,Ai no mukidashi ,Ai no mukidashi (2008) ,tt1128075
82,Denis Villeneuve,/name/nm0898288/,"330,033",7.6,Sicario ,Sicario (2015) ,tt3397884
81,Pablo Larraín,/name/nm1883257/,"21,503",7.4,No ,No (2012) ,tt2059255
88,Damien Chazelle,/name/nm3227090/,"620,721",8.5,Whiplash ,Whiplash (2014) ,tt2582802
83,David Michôd,/name/nm2391575/,"51,674",7.3,Animal Kingdom ,Animal Kingdom (2010) ,tt1313092
68,Mel Gibson,/name/nm0000154/,"271,239",7.8,Apocalypto ,Apocalypto (2006) ,tt0472043
73,Nuri Bilge Ceylan,/name/nm0149196/,"17,562",7.4,Three Monkeys ,Three Monkeys (2008) ,tt1233381
87,Stevan Riley,/name/nm2257147/,"6,357",8.2,Listen to Me Marlon ,Listen to Me Marlon (2015) ,tt4145178
66,Adam McKay,/name/nm0570912/,"154,477",6.6,Talladega Nights: The Ballad of Ricky Bobby ,Talladega Nights: The Ballad of Ricky Bobby (2006) ,tt0415306
,Ermanno Olmi,/name/nm0647438/,678,6.4,Centochiodi ,Centochiodi (2007) ,tt0985597
90,Paul Greengrass,/name/nm0339030/,"92,954",7.6,United 93 ,United 93 (2006) ,tt0475276
75,Paul Feig,/name/nm0082450/,"250,104",6.8,Bridesmaids ,Bridesmaids (2011) ,tt1478338
92,Joshua Oppenheimer,/name/nm1484791/,"10,211",8.3,The Look of Silence ,The Look of Silence (2014) ,tt3521134
78,Paul Thomas Anderson,/name/nm0000759/,"133,192",7.3,Punch-Drunk Love ,Punch-Drunk Love (2002) ,tt0272338
68,Lynne Ramsay,/name/nm0708903/,"124,007",7.5,We Need to Talk About Kevin ,We Need to Talk About Kevin (2011) ,tt1242460
76,Miguel Arteta,/name/nm0037708/,"5,022",6.6,Chuck & Buck ,Chuck & Buck (2000) ,tt0200530
67,Ridley Scott,/name/nm0000631/,"1,217,733",8.5,Gladiator ,Gladiator (2000) ,tt0172495
80,Adam Curtis,/name/nm0193231/,"4,269",8.9,The Century of the Self             ,The Century of the Self             ,tt0432232
74,Steven Spielberg,/name/nm0000229/,"199,089",7.6,Munich ,Munich (2005) ,tt0408306
82,Lukas Moodysson,/name/nm0600546/,"39,927",7.9,Lilya 4-Ever ,Lilya 4-Ever (2002) ,tt0300140
,Brian De Palma,/name/nm0000361/,"31,792",6.3,Femme Fatale ,Femme Fatale (2002) ,tt0280665
,Anthony Stabley,/name/nm0006589/,7,7.4,This Is Not a Film ,This Is Not a Film (2001) ,tt0299177
74,James Gray,/name/nm0336695/,"33,998",7.0,Two Lovers ,Two Lovers (2008) ,tt1103275
84,Laurie Anderson,/name/nm0002173/,"1,856",7.1,Heart of a Dog ,Heart of a Dog (2015) ,tt4935446
89,Florian Henckel von Donnersmarck,/name/nm0003697/,"324,787",8.4,The Lives of Others ,The Lives of Others (2006) ,tt0405094
92,Béla Tarr,/name/nm0850601/,"11,237",8.2,Werckmeister harmóniák ,Werckmeister harmóniák (2000) ,tt0249241
81,Claire Denis,/name/nm0219136/,"6,078",7.0,White Material ,White Material (2009) ,tt1135952
82,Alain Guiraudie,/name/nm0347492/,"11,640",6.8,L'inconnu du lac ,L'inconnu du lac (2013) ,tt2852458
,Pedro Costa,/name/nm0182276/,"1,291",7.1,Juventude Em Marcha ,Juventude Em Marcha (2006) ,tt0460480
80,Albert Serra,/name/nm2247200/,580,6.6,Història de la meva mort ,Història de la meva mort (2013) ,tt3102458
63,Cristi Puiu,/name/nm1090998/,"1,402",6.7,Aurora ,Aurora (2010) ,tt1403047
80,Béla Tarr,/name/nm0850601/,"13,535",7.8,A torinói ló ,A torinói ló (2011) ,tt1316540
63,Martin Scorsese,/name/nm0000217/,"1,010,231",8.1,Shutter Island ,Shutter Island (2010) ,tt1130884
80,Ingmar Bergman,/name/nm0000005/,"6,490",7.7,Saraband ,Saraband (2003) ,tt0299478
82,Andrey Zvyagintsev,/name/nm1168657/,"38,413",8.0,The Return ,The Return (2003) ,tt0376968
,Khalid Hussain,/name/nm0403964/,355,5.6,Import-eksport ,Import-eksport (2005) ,tt0447649
76,Alejandro G. Iñárritu,/name/nm0327944/,"624,500",8.0,The Revenant ,The Revenant (2015) ,tt1663202
,Bing Wang,/name/nm1504063/,897,8.6,Tiexi qu ,Tiexi qu (2002) ,tt0389448
,Alain Cavalier,/name/nm0146760/,120,6.8,Le filmeur ,Le filmeur (2005) ,tt0463991
,Ken Jacobs,/name/nm0414499/,32,6.5,Capitalism: Child Labor ,Capitalism: Child Labor (2006) ,tt3703130
,Philip S. Solomon,/name/nm0813409/,52,7.1,Psalm III: 'Night of the Meek' ,Psalm III: 'Night of the Meek' (2002) ,tt0351599
,Lewis Klahr,/name/nm0458185/,11,8.9,Daylight Moon ,Daylight Moon (2002) ,tt0360504
,Janie Geiser,/name/nm0312026/,19,7.2,The Fourth Watch ,The Fourth Watch (2000) ,tt0282499
86,Nikolaus Geyrhalter,/name/nm0315430/,"2,362",7.6,Unser täglich Brot ,Unser täglich Brot (2005) ,tt0765849
,,,10,6.8,Ankhon Dekhi             ,Ankhon Dekhi             ,tt0406391
83,Chaitanya Tamhane,/name/nm4058904/,"3,271",7.7,Court ,Court (2014) ,tt3717068
,Anurag Kashyap,/name/nm0440604/,"26,194",8.0,Dev.D ,Dev.D (2009) ,tt1327035
,Tigmanshu Dhulia,/name/nm0223606/,"29,497",8.2,Paan Singh Tomar ,Paan Singh Tomar (2012) ,tt1620933
,Vikramaditya Motwane,/name/nm0003939/,"38,972",8.2,Udaan ,Udaan (2010) ,tt1639426
,Sudhir Mishra,/name/nm0592803/,"4,374",8.0,Hazaaron Khwaishein Aisi ,Hazaaron Khwaishein Aisi (2003) ,tt0411469
,Vishal Bhardwaj,/name/nm0080235/,"7,748",8.2,Maqbool ,Maqbool (2003) ,tt0379370
84,Ashutosh Gowariker,/name/nm0332950/,"93,153",8.1,Lagaan: Once Upon a Time in India ,Lagaan: Once Upon a Time in India (2001) ,tt0169102
72,Éric Rohmer,/name/nm0006445/,"2,434",7.0,The Lady and the Duke ,The Lady and the Duke (2001) ,tt0239234
76,Aleksey Fedorchenko,/name/nm1922735/,"2,019",6.7,Ovsyanki ,Ovsyanki (2010) ,tt1693830
76,Miranda July,/name/nm0432380/,"33,538",7.3,Me and You and Everyone We Know ,Me and You and Everyone We Know (2005) ,tt0415978
79,David Fincher,/name/nm0000399/,"764,869",8.1,Gone Girl ,Gone Girl (2014) ,tt2267998
,Michael Bay,/name/nm0000881/,"188,252",6.4,Pain & Gain ,Pain & Gain (2013) ,tt1980209
,Darleen Asevedo,/name/nm2507206/,"3,969",8.6,When the Levees Broke: A Requiem in Four Acts             ,When the Levees Broke: A Requiem in Four Acts             ,tt0783612
94,Richard Linklater,/name/nm0000500/,"123,667",7.9,Before Midnight ,Before Midnight (2013) ,tt2209418
85,Ryan Coogler,/name/nm3363032/,"68,359",7.5,Fruitvale Station ,Fruitvale Station (2013) ,tt2334649
72,Rian Johnson,/name/nm0426059/,"95,015",7.4,Brick ,Brick (2005) ,tt0393109
84,Ming-liang Tsai,/name/nm0158857/,"2,031",7.0,Stray Dogs ,Stray Dogs (2013) ,tt3119416
86,Abbas Kiarostami,/name/nm0452102/,"6,232",7.5,Dah ,Dah (2002) ,tt0301978
81,Jafar Panahi,/name/nm0070159/,985,6.6,Pardé ,Pardé (2013) ,tt2626926
85,Sean Baker,/name/nm0048918/,"23,240",7.1,Tangerine ,Tangerine (2015) ,tt3824458
77,Jean-Luc Godard,/name/nm0000419/,"2,673",7.0,Notre musique ,Notre musique (2004) ,tt0360845
,Éric Rohmer,/name/nm0006445/,"1,354",6.4,Triple agent ,Triple agent (2004) ,tt0374294
72,Clint Eastwood,/name/nm0000142/,"671,886",8.1,Gran Torino ,Gran Torino (2008) ,tt1205489
84,Pedro Costa,/name/nm0182276/,"1,129",7.0,Cavalo Dinheiro ,Cavalo Dinheiro (2014) ,tt3907156
,Tony Scott,/name/nm0001716/,"276,792",7.1,Deja Vu ,Deja Vu (2006) ,tt0453467
,Kiyoshi Kurosawa,/name/nm0475905/,360,5.5,Sebunsu kôdo ,Sebunsu kôdo (2013) ,tt3265404
62,Carol Morley,/name/nm1345246/,"2,823",6.8,Dreams of a Life ,Dreams of a Life (2011) ,tt1819513
78,Raoul Peck,/name/nm0669704/,"1,678",7.2,Lumumba ,Lumumba (2000) ,tt0246765
82,Steve McQueen,/name/nm2588606/,"61,384",7.6,Hunger ,Hunger (2008) ,tt0986233
75,Ava DuVernay,/name/nm1148550/,"1,409",6.4,Middle of Nowhere ,Middle of Nowhere (2012) ,tt1211890
82,J.J. Abrams,/name/nm0009190/,"557,225",8.0,Star Trek ,Star Trek (2009) ,tt0796366
82,Richard Linklater,/name/nm0000500/,"57,146",7.8,Waking Life ,Waking Life (2001) ,tt0243017
69,Gaspar Noé,/name/nm0637615/,"61,525",7.3,Enter the Void ,Enter the Void (2009) ,tt1191111
86,Xavier Beauvois,/name/nm0064741/,"14,006",7.2,Des hommes et des dieux ,Des hommes et des dieux (2010) ,tt1588337
78,Philip Gröning,/name/nm0344973/,"2,087",7.4,Die große Stille ,Die große Stille (2005) ,tt0478160
84,Alexander Payne,/name/nm0668247/,"223,802",7.3,The Descendants ,The Descendants (2011) ,tt1033575
86,Benh Zeitlin,/name/nm1022455/,"77,522",7.3,Beasts of the Southern Wild ,Beasts of the Southern Wild (2012) ,tt2125435
66,Mike Judge,/name/nm0431918/,"132,493",6.6,Idiocracy ,Idiocracy (2006) ,tt0387808
94,Kathryn Bigelow,/name/nm0000941/,"393,536",7.6,The Hurt Locker ,The Hurt Locker (2008) ,tt0887912
82,Tony Gilroy,/name/nm0006904/,"148,958",7.3,Michael Clayton ,Michael Clayton (2007) ,tt0465538
62,Valeska Grisebach,/name/nm1007136/,512,6.6,Sehnsucht ,Sehnsucht (2006) ,tt0416213
,David O'Reilly,/name/nm2419195/,719,7.5,The External World ,The External World (2010) ,tt1720261
93,Maren Ade,/name/nm0011752/,"38,277",7.4,Toni Erdmann ,Toni Erdmann (2016) ,tt4048272
76,Zhangke Jia,/name/nm0422605/,"2,133",7.5,Zhantai ,Zhantai (2000) ,tt0258885
75,Lucrecia Martel,/name/nm0551506/,"3,331",6.7,The Holy Girl ,The Holy Girl (2004) ,tt0300270
88,Alfonso Cuarón,/name/nm0190859/,"107,543",7.7,Y Tu Mamá También ,Y Tu Mamá También (2001) ,tt0245574
83,Martin Scorsese,/name/nm0000217/,"285,425",7.5,Hugo ,Hugo (2011) ,tt0970179
70,Philip Kaufman,/name/nm0442241/,"49,115",7.3,Quills ,Quills (2000) ,tt0180073
67,Wayne Blair,/name/nm0992370/,"12,191",7.0,The Sapphires ,The Sapphires (2012) ,tt1673697
,Nadine Labaki,/name/nm1701024/,"10,461",7.5,Et maintenant on va où? ,Et maintenant on va où? (2011) ,tt1772424
82,Scandar Copti,/name/nm2738713/,"5,692",7.3,Ajami ,Ajami (2009) ,tt1077262
69,Jean-Pierre Jeunet,/name/nm0000466/,"654,363",8.3,Amélie ,Amélie (2001) ,tt0211915
83,James Cameron,/name/nm0000116/,"1,048,439",7.8,Avatar ,Avatar (2009) ,tt0499549
81,Yimou Zhang,/name/nm0955443/,"4,578",7.3,Gui lai ,Gui lai (2014) ,tt3125472
81,Darren Aronofsky,/name/nm0004716/,"277,578",7.9,The Wrestler ,The Wrestler (2008) ,tt1125849
,Justyna Michalska,/name/nm7703103/,,,The Great Beauty ,The Great Beauty (2015) ,tt5170434
,Shyam Madiraju,/name/nm4357206/,"2,589",4.7,Eden ,Eden (2014) ,tt3032282
88,Terry Zwigoff,/name/nm0959062/,"107,096",7.4,Ghost World ,Ghost World (2001) ,tt0162346
80,Kelly Reichardt,/name/nm0716980/,"14,804",7.1,Wendy and Lucy ,Wendy and Lucy (2008) ,tt1152850
71,Maren Ade,/name/nm0011752/,"3,179",6.7,Alle Anderen ,Alle Anderen (2009) ,tt1204773
73,Hsiao-Hsien Hou,/name/nm0396284/,"4,020",7.1,Millennium Mambo ,Millennium Mambo (2001) ,tt0283283
87,Arnaud Desplechin,/name/nm0221611/,"2,841",6.8,Trois souvenirs de ma jeunesse ,Trois souvenirs de ma jeunesse (2015) ,tt4048050
94,Edgar Ramírez,/name/nm1183149/,"12,051",7.7,Carlos             ,Carlos             ,tt1321865
76,Philippe Garrel,/name/nm0308042/,"2,524",7.0,Les amants réguliers ,Les amants réguliers (2005) ,tt0443844
,Jean-Charles Fitoussi,/name/nm0280083/,148,6.8,Les jours où je n'existe pas ,Les jours où je n'existe pas (2002) ,tt0365398
89,Christian Petzold,/name/nm0678857/,"14,734",7.3,Phoenix ,Phoenix (2014) ,tt2764784
,Jonas Mekas,/name/nm0577263/,726,8.4,As I Was Moving Ahead Occasionally I Saw Brief Glimpses of Beauty ,As I Was Moving Ahead Occasionally I Saw Brief Glimpses of Beauty (2000) ,tt0262240
81,David O. Russell,/name/nm0751102/,"622,443",7.7,Silver Linings Playbook ,Silver Linings Playbook (2012) ,tt1045658
89,Michel Hazanavicius,/name/nm0371890/,"217,544",7.9,The Artist ,The Artist (2011) ,tt1655442
83,Mike Leigh,/name/nm0005139/,"22,462",7.7,Vera Drake ,Vera Drake (2004) ,tt0383694
76,Jean-Marc Vallée,/name/nm0885249/,"110,455",7.2,Wild ,Wild (2014) ,tt2305051
80,Naji Abu Nowar,/name/nm3578681/,"8,984",7.2,Theeb ,Theeb (2014) ,tt3170902
78,Bahman Ghobadi,/name/nm0315842/,"6,471",7.7,Zamani barayé masti asbha ,Zamani barayé masti asbha (2000) ,tt0259072
89,James Marsh,/name/nm1016428/,"49,463",7.8,Man on Wire ,Man on Wire (2008) ,tt1155592
82,Rachid Bouchareb,/name/nm0098953/,"13,349",7.1,Days of Glory ,Days of Glory (2006) ,tt0444182
72,Andrzej Zulawski,/name/nm0958558/,"1,392",5.9,Cosmos ,Cosmos (2015) ,tt4035268
,Steven Soderbergh,/name/nm0001752/,"42,206",7.2,Che: Part One ,Che: Part One (2008) ,tt0892255
85,Claire Denis,/name/nm0219136/,"1,579",6.9,L'intrus ,L'intrus (2004) ,tt0422491
78,Lynne Ramsay,/name/nm0708903/,"8,463",6.8,Morvern Callar ,Morvern Callar (2002) ,tt0300214
85,Jafar Panahi,/name/nm0070159/,"5,300",7.5,Dayereh ,Dayereh (2000) ,tt0255094
81,Pedro Almodóvar,/name/nm0000264/,"51,509",7.5,Bad Education ,Bad Education (2004) ,tt0275491
73,Jacques Audiard,/name/nm0002191/,"59,039",7.5,Rust and Bone ,Rust and Bone (2012) ,tt2053425
62,François Ozon,/name/nm0654830/,"8,316",6.7,5x2 ,5x2 (2004) ,tt0354356
88,Nuri Bilge Ceylan,/name/nm0149196/,"37,236",8.2,Kis Uykusu ,Kis Uykusu (2014) ,tt2758880
,Jeff Tremaine,/name/nm0871860/,"53,434",7.0,Jackass 3D ,Jackass 3D (2010) ,tt1116184
79,Ming-liang Tsai,/name/nm0158857/,"4,179",7.4,Ni na bian ji dian ,Ni na bian ji dian (2001) ,tt0269746
86,Alexander Payne,/name/nm0668247/,"105,486",7.7,Nebraska ,Nebraska (2013) ,tt1821549
83,Peter Mullan,/name/nm0611932/,"24,744",7.8,The Magdalene Sisters ,The Magdalene Sisters (2002) ,tt0318411
76,Mia Hansen-Løve,/name/nm0361135/,"2,190",6.7,Father of My Children ,Father of My Children (2009) ,tt1356928
,Paolo Sorrentino,/name/nm0815204/,"13,510",7.6,Le conseguenze dell'amore ,Le conseguenze dell'amore (2004) ,tt0398883
85,Olivier Assayas,/name/nm0000801/,"6,441",7.2,Summer Hours ,Summer Hours (2008) ,tt0836700
,David Wain,/name/nm0906476/,"50,109",6.7,Wet Hot American Summer ,Wet Hot American Summer (2001) ,tt0243655
73,Robert Zemeckis,/name/nm0000709/,"474,490",7.8,Cast Away ,Cast Away (2000) ,tt0162222
80,Hsiao-Hsien Hou,/name/nm0396284/,"2,609",7.0,Café Lumière ,Café Lumière (2003) ,tt0412596
70,Satoshi Kon,/name/nm0464804/,"19,654",7.9,Millennium Actress ,Millennium Actress (2001) ,tt0291350
79,Terry George,/name/nm0313623/,"314,199",8.1,Hotel Rwanda ,Hotel Rwanda (2004) ,tt0395169
,Jonathan Glazer,/name/nm0322242/,"32,962",6.1,Birth ,Birth (2004) ,tt0337876
79,Carlos Reygadas,/name/nm1196161/,"5,435",7.3,Silent Light ,Silent Light (2007) ,tt0841925
90,Debra Granik,/name/nm0335138/,"127,983",7.2,Winter's Bone ,Winter's Bone (2010) ,tt1399683
67,Duncan Jones,/name/nm1512910/,"312,586",7.9,Moon ,Moon (2009) ,tt1182345
78,Agnès Jaoui,/name/nm0418450/,"8,520",7.3,The Taste of Others ,The Taste of Others (2000) ,tt0216787
68,Andrew Dominik,/name/nm0231596/,"157,292",7.5,The Assassination of Jesse James by the Coward Robert Ford ,The Assassination of Jesse James by the Coward Robert Ford (2007) ,tt0443680
92,Peter Jackson,/name/nm0001392/,"1,516,926",8.8,The Lord of the Rings: The Fellowship of the Ring ,The Lord of the Rings: The Fellowship of the Ring (2001) ,tt0120737
,Nouri Bouzid,/name/nm0100525/,124,6.9,Making Of ,Making Of (2006) ,tt0976145
89,Yimou Zhang,/name/nm0955443/,"102,534",7.6,House of Flying Daggers ,House of Flying Daggers (2004) ,tt0385004
,Rehad Desai,/name/nm2390834/,72,8.0,Miners Shot Down ,Miners Shot Down (2014) ,tt3677896
,Mohamed Diab,/name/nm2559996/,"3,603",7.5,678 ,678 (2010) ,tt1764141
,Oliver Schmitz,/name/nm0005628/,199,6.6,Hijack Stories ,Hijack Stories (2000) ,tt0215841
93,Tom McCarthy,/name/nm0565336/,"366,955",8.1,Spotlight ,Spotlight (2015) ,tt1895587
,Michael Felsher,/name/nm1361386/,,,The Gatekeepers ,The Gatekeepers (2009) ,tt1669696
79,Jonathan Glazer,/name/nm0322242/,"50,308",7.3,Sexy Beast ,Sexy Beast (2000) ,tt0203119
63,Adam McKay,/name/nm0570912/,"309,316",7.2,Anchorman: The Legend of Ron Burgundy ,Anchorman: The Legend of Ron Burgundy (2004) ,tt0357413
86,Thom Andersen,/name/nm0026263/,"1,941",8.0,Los Angeles Plays Itself ,Los Angeles Plays Itself (2003) ,tt0379357
,Mark Neveldine,/name/nm0004410/,"222,237",7.0,Crank ,Crank (2006) ,tt0479884
,Maren Ade,/name/nm0011752/,"1,354",7.3,Der Wald vor lauter Bäumen ,Der Wald vor lauter Bäumen (2003) ,tt0386862
65,Michael Mann,/name/nm0000520/,"103,701",6.0,Miami Vice ,Miami Vice (2006) ,tt0430357
72,Sang-soo Hong,/name/nm0393254/,956,7.0,Haebyeonui yeoin ,Haebyeonui yeoin (2006) ,tt0835787
91,Patricio Guzmán,/name/nm0350099/,"4,255",7.6,Nostalgia de la luz ,Nostalgia de la luz (2010) ,tt1556190
,Kaige Chen,/name/nm0155280/,"3,035",7.3,Ten Minutes Older: The Trumpet ,Ten Minutes Older: The Trumpet (2002) ,tt0304808
78,Stephen Chow,/name/nm0159507/,"117,214",7.8,Kung Fu Hustle ,Kung Fu Hustle (2004) ,tt0373074
,Peter Tscherkassky,/name/nm0874787/,410,6.7,Instructions for a Light and Sound Machine ,Instructions for a Light and Sound Machine (2005) ,tt0493428
,Philippe Grandrieux,/name/nm0334930/,618,6.6,Un lac ,Un lac (2008) ,tt1270702
,Joseph Kahn,/name/nm0994538/,"14,254",5.8,Detention ,Detention (2011) ,tt1701990
,Rita Azevedo Gomes,/name/nm0326946/,85,6.1,A Woman's Revenge ,A Woman's Revenge (2012) ,tt2050453
84,Sidney Lumet,/name/nm0001486/,"90,390",7.3,Before the Devil Knows You're Dead ,Before the Devil Knows You're Dead (2007) ,tt0292963
72,Woody Allen,/name/nm0000095/,"191,732",7.6,Match Point ,Match Point (2005) ,tt0416320
78,Chantal Akerman,/name/nm0001901/,547,6.6,No Home Movie ,No Home Movie (2015) ,tt4881016
,Éric Rohmer,/name/nm0006445/,"1,314",6.4,Les amours d'Astrée et de Céladon ,Les amours d'Astrée et de Céladon (2007) ,tt0823240
75,Manoel de Oliveira,/name/nm0210701/,"1,550",6.3,O Estranho Caso de Angélica ,O Estranho Caso de Angélica (2010) ,tt1282153
,Michelangelo Antonioni,/name/nm0000774/,367,6.9,Michelangelo Eye to Eye ,Michelangelo Eye to Eye (2004) ,tt0409285
,Charles Burnett,/name/nm0122344/,139,7.0,Warming by the Devil's Fire             ,Warming by the Devil's Fire             ,tt1065628
,Woody Allen,/name/nm0000095/,"41,657",6.3,You Will Meet a Tall Dark Stranger ,You Will Meet a Tall Dark Stranger (2010) ,tt1182350
68,Quentin Tarantino,/name/nm0000233/,"437,722",7.8,The Hateful Eight ,The Hateful Eight (2015) ,tt3460252
85,John Cameron Mitchell,/name/nm0593463/,"29,696",7.8,Hedwig and the Angry Inch ,Hedwig and the Angry Inch (2001) ,tt0248845
81,Kinji Fukasaku,/name/nm0297935/,"159,549",7.7,Battle Royale ,Battle Royale (2000) ,tt0266308
69,Werner Herzog,/name/nm0001348/,"71,054",6.6,Bad Lieutenant: Port of Call New Orleans ,Bad Lieutenant: Port of Call New Orleans (2009) ,tt1095217
85,André Singer,/name/nm0801885/,"2,783",8.0,Night Will Fall ,Night Will Fall (2014) ,tt3455822
82,Yorgos Lanthimos,/name/nm0487166/,"183,795",7.1,The Lobster ,The Lobster (2015) ,tt3464902
78,Christopher Guest,/name/nm0001302/,"51,352",7.5,Best in Show ,Best in Show (2000) ,tt0218839
87,Asghar Farhadi,/name/nm1410815/,"38,489",8.0,Darbareye Elly ,Darbareye Elly (2009) ,tt1360860
68,Wolfgang Becker,/name/nm0065615/,"129,382",7.7,Good Bye Lenin! ,Good Bye Lenin! (2003) ,tt0301357
76,Uli Edel,/name/nm0248942/,"33,612",7.4,The Baader Meinhof Complex ,The Baader Meinhof Complex (2008) ,tt0765432
81,Quentin Tarantino,/name/nm0000233/,"1,216,295",8.4,Django Unchained ,Django Unchained (2012) ,tt1853728
,Nick Cassavetes,/name/nm0001024/,"95,365",6.9,Alpha Dog ,Alpha Dog (2006) ,tt0426883
71,Jason Reitman,/name/nm0718646/,"74,257",6.3,Young Adult ,Young Adult (2011) ,tt1625346
71,Ben Stiller,/name/nm0001774/,"352,493",7.0,Tropic Thunder ,Tropic Thunder (2008) ,tt0942385
78,Stephen Frears,/name/nm0001241/,"38,722",7.4,Dirty Pretty Things ,Dirty Pretty Things (2002) ,tt0301199
77,Bart Layton,/name/nm1717925/,"42,293",7.5,The Imposter ,The Imposter (2012) ,tt1966604
,Ana Lily Amirpour,/name/nm3235877/,19,6.1,A Girl Walks Home Alone at Night ,A Girl Walks Home Alone at Night (2011) ,tt2062469
72,S. Craig Zahler,/name/nm0951975/,"70,920",7.1,Bone Tomahawk ,Bone Tomahawk (2015) ,tt2494362
91,Stephen Frears,/name/nm0001241/,"98,074",7.3,The Queen ,The Queen (2006) ,tt0436697
72,Nuri Bilge Ceylan,/name/nm0149196/,"10,135",7.2,Iklimler ,Iklimler (2006) ,tt0498097
,Sian Davies,/name/nm2531791/,12,3.8,Poetry ,Poetry (2007) ,tt1095488
79,Cristian Mungiu,/name/nm0612816/,"10,646",7.6,Beyond the Hills ,Beyond the Hills (2012) ,tt2258281
,Luke Fowler,/name/nm4917815/,9,6.6,All Divided Selves ,All Divided Selves (2011) ,tt2261217
79,Chang-dong Lee,/name/nm0496969/,"6,912",8.0,Oasis ,Oasis (2002) ,tt0320193
78,Terence Davies,/name/nm0203993/,"6,839",7.1,The House of Mirth ,The House of Mirth (2000) ,tt0200720
81,Steven Knight,/name/nm1140275/,"121,149",7.1,Locke ,Locke (2013) ,tt2692904
77,Cary Joji Fukunaga,/name/nm1560977/,"29,611",7.6,Sin Nombre ,Sin Nombre (2009) ,tt1127715
69,Alejandro G. Iñárritu,/name/nm0327944/,"273,902",7.5,Babel ,Babel (2006) ,tt0449467
,Ben Rivers,/name/nm4234237/,199,6.1,The Sky Trembles and the Earth Is Afraid and the Two Eyes Are Not Brothers ,The Sky Trembles and the Earth Is Afraid and the Two Eyes Are Not Brothers (2015) ,tt4881172
88,Lav Diaz,/name/nm0225010/,461,7.8,Mula sa kung ano ang noon ,Mula sa kung ano ang noon (2014) ,tt3303310
,Pietro Marcello,/name/nm2754122/,322,6.7,Bella e perduta ,Bella e perduta (2015) ,tt2188860
,Chantal Akerman,/name/nm0001901/,"1,280",5.9,La captive ,La captive (2000) ,tt0216605
,James Gray,/name/nm0336695/,"18,434",6.4,The Yards ,The Yards (2000) ,tt0138946
,Naomi Kawase,/name/nm0442905/,"1,527",7.7,Sharasôju ,Sharasôju (2003) ,tt0363060
,Francis Ford Coppola,/name/nm0000338/,"9,810",4.8,Twixt ,Twixt (2011) ,tt1756851
68,João Pedro Rodrigues,/name/nm0735134/,911,5.9,Morrer Como Um Homem ,Morrer Como Um Homem (2009) ,tt1424361
82,Terence Davies,/name/nm0203993/,"13,775",6.3,The Deep Blue Sea ,The Deep Blue Sea (2011) ,tt1700844
93,Nina Paley,/name/nm1315434/,"4,206",7.6,Sita Sings the Blues ,Sita Sings the Blues (2008) ,tt1172203
,Florence Colombani,/name/nm2144340/,15,7.0,L'étrangère ,L'étrangère (2006) ,tt0496406
66,Gurinder Chadha,/name/nm0149446/,"99,355",6.7,Bend It Like Beckham ,Bend It Like Beckham (2002) ,tt0286499
82,Mira Nair,/name/nm0619762/,"18,086",7.5,The Namesake ,The Namesake (2006) ,tt0433416
71,Hany Abu-Assad,/name/nm0009463/,"21,431",7.5,Paradise Now ,Paradise Now (2005) ,tt0445620
69,Sam Mendes,/name/nm0005222/,"178,892",7.3,Revolutionary Road ,Revolutionary Road (2008) ,tt0959337
75,Jacques Audiard,/name/nm0002191/,"17,771",7.3,The Beat That My Heart Skipped ,The Beat That My Heart Skipped (2005) ,tt0411270
85,Fatih Akin,/name/nm0015359/,"28,951",7.8,The Edge of Heaven ,The Edge of Heaven (2007) ,tt0880502
80,Denis Villeneuve,/name/nm0898288/,"124,892",8.3,Incendies ,Incendies (2010) ,tt1255953
87,Andrey Zvyagintsev,/name/nm1168657/,"11,351",7.3,Elena ,Elena (2011) ,tt1925421
81,Peter Weir,/name/nm0001837/,"189,781",7.4,Master and Commander: The Far Side of the World ,Master and Commander: The Far Side of the World (2003) ,tt0311113
66,Christopher Nolan,/name/nm0634240/,"1,070,747",8.5,The Prestige ,The Prestige (2006) ,tt0482571
85,Tomm Moore,/name/nm1119079/,"44,383",8.1,Song of the Sea ,Song of the Sea (2014) ,tt1865505
88,Clio Barnard,/name/nm1163237/,"1,572",7.2,The Arbor ,The Arbor (2010) ,tt1623008
,Christian Marclay,/name/nm3827692/,219,8.9,The Clock ,The Clock (2010) ,tt2008009
74,Patty Jenkins,/name/nm0420941/,"124,947",7.3,Monster ,Monster (2003) ,tt0340855
,Henri Duparc,/name/nm0243143/,35,6.5,Caramel ,Caramel (2005) ,tt0463936
,Roberto Benigni,/name/nm0000905/,"12,866",7.1,La tigre e la neve ,La tigre e la neve (2005) ,tt0419198
91,Jafar Panahi,/name/nm0070159/,"11,913",7.3,Taxi ,Taxi (2015) ,tt4359416
73,Eran Riklis,/name/nm0726954/,"1,532",7.3,Dancing Arabs ,Dancing Arabs (2014) ,tt2841572
,Jane Hancock,/name/nm0359375/,,,When I Saw You ,When I Saw You (2013) ,tt2853250
76,Ramin Bahrani,/name/nm1023919/,"26,788",7.1,99 Homes ,99 Homes (2014) ,tt2891174
,Yann Arthus-Bertrand,/name/nm0037867/,"6,312",8.7,Human ,Human (2015) ,tt3327994
78,Nicolas Winding Refn,/name/nm0716347/,"523,294",7.8,Drive ,Drive (2011) ,tt0780504
75,Andrew Lau Wai-Keung,/name/nm0490487/,"111,093",8.1,Infernal Affairs ,Infernal Affairs (2002) ,tt0338564
84,Andrew Adamson,/name/nm0011470/,"564,713",7.9,Shrek ,Shrek (2001) ,tt0126029
74,Elia Suleiman,/name/nm0837839/,"2,032",7.1,The Time That Remains ,The Time That Remains (2009) ,tt1037163
,Ossama Mohammed,/name/nm0611256/,72,6.8,Sunduq al-dunyâ ,Sunduq al-dunyâ (2002) ,tt0303792
,Mani Haghighi,/name/nm2155679/,501,6.6,Kargaran mashghoole karand ,Kargaran mashghoole karand (2006) ,tt0499335
80,Hsiao-Hsien Hou,/name/nm0396284/,"5,069",7.0,Zui hao de shi guang ,Zui hao de shi guang (2005) ,tt0459666
85,Martin Scorsese,/name/nm0000217/,"1,080,510",8.5,The Departed ,The Departed (2006) ,tt0407887
81,Mike Mills,/name/nm0590122/,"83,915",7.2,Beginners ,Beginners (2010) ,tt1532503
,Terrence Malick,/name/nm0000517/,"22,338",5.7,Knight of Cups ,Knight of Cups (2015) ,tt2101383
62,Gareth Edwards,/name/nm2284484/,"353,006",6.4,Godzilla ,Godzilla (2014) ,tt0831387
69,Liz Garbus,/name/nm0305017/,522,7.2,Girlhood ,Girlhood (2003) ,tt0368745
64,Trey Parker,/name/nm0005295/,"151,292",7.2,Team America: World Police ,Team America: World Police (2004) ,tt0372588
89,Hirokazu Koreeda,/name/nm0466153/,"11,016",8.0,Still Walking ,Still Walking (2008) ,tt1087578
,Adam McKay,/name/nm0570912/,"247,520",6.9,Step Brothers ,Step Brothers (2008) ,tt0838283
81,Jane Campion,/name/nm0001005/,"24,003",7.0,Bright Star ,Bright Star (2009) ,tt0810784
94,Peter Jackson,/name/nm0001392/,"1,501,201",8.9,The Lord of the Rings: The Return of the King ,The Lord of the Rings: The Return of the King (2003) ,tt0167260
67,Ben Wheatley,/name/nm1296554/,"32,939",6.4,Kill List ,Kill List (2011) ,tt1788391
72,Shane Black,/name/nm0000948/,"202,779",7.6,Kiss Kiss Bang Bang ,Kiss Kiss Bang Bang (2005) ,tt0373469
72,Michael Moore,/name/nm0601619/,"135,023",8.0,Bowling for Columbine ,Bowling for Columbine (2002) ,tt0310793
75,Warwick Thornton,/name/nm0861610/,"3,037",7.1,Samson and Delilah ,Samson and Delilah (2009) ,tt1340123
,Jean-Claude Brisseau,/name/nm0109885/,"4,283",6.1,Choses secrètes ,Choses secrètes (2002) ,tt0287963
75,Lucrecia Martel,/name/nm0551506/,"4,696",7.0,La Ciénaga ,La Ciénaga (2001) ,tt0240419
82,Patrick Wang,/name/nm1169526/,650,7.0,In the Family ,In the Family (2011) ,tt1845804
,Gus Van Sant,/name/nm0001814/,"16,810",6.2,Gerry ,Gerry (2002) ,tt0302674
76,Roy Andersson,/name/nm0027815/,"15,769",7.7,Songs from the Second Floor ,Songs from the Second Floor (2000) ,tt0120263
,Ming-liang Tsai,/name/nm0158857/,658,6.8,Xi you ,Xi you (2014) ,tt3521442
67,Pirjo Honkasalo,/name/nm0393345/,601,7.3,Melancholian 3 huonetta ,Melancholian 3 huonetta (2004) ,tt0424272
76,Carlos Reygadas,/name/nm1196161/,"2,943",6.9,Japón ,Japón (2002) ,tt0322824
77,Kleber Mendonça Filho,/name/nm2207625/,"5,694",7.1,Neighboring Sounds ,Neighboring Sounds (2012) ,tt2190367
88,Laurent Cantet,/name/nm0134559/,"4,481",7.4,Time Out ,Time Out (2001) ,tt0279065
83,Tatiana Pauhofová,/name/nm1294207/,"1,188",8.0,Horící ker             ,Horící ker             ,tt2280344
86,Christian Petzold,/name/nm0678857/,"11,338",7.2,Barbara ,Barbara (2012) ,tt2178941
65,Jee-woon Kim,/name/nm0453518/,"50,914",7.2,A Tale of Two Sisters ,A Tale of Two Sisters (2003) ,tt0365376
85,Kelly Reichardt,/name/nm0716980/,"10,475",6.6,Meek's Cutoff ,Meek's Cutoff (2010) ,tt1518812
,Richard Curtis,/name/nm0193485/,"386,892",7.6,Love Actually ,Love Actually (2003) ,tt0314331
82,Rob Marshall,/name/nm0551128/,"201,603",7.2,Chicago ,Chicago (2002) ,tt0299658
79,Stephen Frears,/name/nm0001241/,"158,765",7.5,High Fidelity ,High Fidelity (2000) ,tt0146882
68,Christopher Morris,/name/nm0606439/,"66,366",7.3,Four Lions ,Four Lions (2010) ,tt1341167
89,Anurag Kashyap,/name/nm0440604/,"69,406",8.2,Gangs of Wasseypur ,Gangs of Wasseypur (2012) ,tt1954470
86,Shane Meadows,/name/nm0276349/,"110,113",7.7,This Is England ,This Is England (2006) ,tt0480025
70,Pedro Almodóvar,/name/nm0000264/,"123,820",7.6,La piel que habito ,La piel que habito (2011) ,tt1189073
88,John Carney,/name/nm0138809/,"105,200",7.9,Once ,Once (2007) ,tt0907657
77,Apichatpong Weerasethakul,/name/nm0917405/,"2,036",7.1,Sud sanaeha ,Sud sanaeha (2002) ,tt0317171
,Michel Gondry,/name/nm0327273/,"85,941",6.4,Be Kind Rewind ,Be Kind Rewind (2008) ,tt0799934
,Philippe Garrel,/name/nm0308042/,"1,025",6.6,Frontier of the Dawn ,Frontier of the Dawn (2008) ,tt1073535
78,Ming-liang Tsai,/name/nm0158857/,"1,820",7.0,Hei yan quan ,Hei yan quan (2006) ,tt0855824
84,Arnaud Desplechin,/name/nm0221611/,"3,511",7.2,Kings & Queen ,Kings & Queen (2004) ,tt0344273
80,Stephen Daldry,/name/nm0197636/,"116,906",7.6,The Hours ,The Hours (2002) ,tt0274558
,Wen Jiang,/name/nm0422638/,"1,608",7.2,Tai yang zhao chang sheng qi ,Tai yang zhao chang sheng qi (2007) ,tt0769507
