titleId,mv_fullname,movie_name_y,movie_year,num_of_nom,country,movie_director_x,director,birthDate,deathDate,birthPlace,dlink,imdb_rating,Metascore
tt0166924,Mulholland Dr. (2001) ,Mulholland Drive,2001,47,United States of America,David Lynch,David Lynch,1946-1-20,,"Missoula, Montana, USA",/name/nm0000186/,8.0,8.3
tt0118694,In the Mood for Love (2000) ,In the Mood for Love,2000,49,China,Wong Kar-wai,Kar-Wai Wong,1956-7-17,,"Shanghai, China",/name/nm0939182/,8.1,8.5
tt0478304,The Tree of Life (2011) ,The Tree of Life,2011,23,United States of America,Terrence Malick,Terrence Malick,1943-11-30,,"Ottawa, Illinois, USA",/name/nm0000517/,6.8,8.5
tt2400275,Adieu au langage (2014) ,Goodbye to Language,2014,6,France,Jean-Luc Godard,Jean-Luc Godard,1930-12-3,,"Paris, France",/name/nm0000419/,5.9,7.5
tt1509132,Keshtzar haye sepid (2009) ,The White Meadows,2009,1,Iran,Mohammad Rasoulof,Mohammad Rasoulof,1973-0-0,,"Shiraz, Iran",/name/nm1488024/,7.6,
tt1876360,La Noche de Enfrente (2012) ,Night Across the Street,2012,1,Chile,Raoul Ruiz,Raoul Ruiz,1941-7-25,2011-8-19,"Puerto Montt, Chile",/name/nm0749914/,6.1,7.6
tt1020773,Certified Copy (2010) ,Certified Copy,2010,9,Iran,Abbas Kiarostami,Abbas Kiarostami,1940-6-22,2016-7-4,"Tehran, Iran",/name/nm0452102/,7.3,8.2
tt0491044,Man jeuk (2008) ,Sparrow,2008,1,China,Johnnie To,Johnnie To,1955-4-22,,Hong Kong,/name/nm0864775/,6.7,
tt0338013,Eternal Sunshine of the Spotless Mind (2004) ,Eternal Sunshine of the Spotless Mind,2004,29,France,Michel Gondry,Michel Gondry,1963-5-8,,"Versailles, Seine-et-Oise [now Yvelines], France",/name/nm0327273/,8.3,8.9
tt0477731,Sang sattawat (2006) ,Syndromes and a Century,2006,5,Thailand,Apichatpong Weerasethakul,Apichatpong Weerasethakul,1970-7-16,,"Bangkok, Thailand",/name/nm0917405/,7.5,7.1
tt0245429,Spirited Away (2001) ,Spirited Away,2001,34,Japan,Hayao Miyazaki,Hayao Miyazaki,1941-1-5,,"Tokyo, Japan",/name/nm0594503/,8.6,9.6
tt2278388,The Grand Budapest Hotel (2014) ,The Grand Budapest Hotel,2014,12,United States of America,Wes Anderson,Wes Anderson,1969-5-1,,"Houston, Texas, USA",/name/nm0027572/,8.1,8.8
tt0402399,The New World (2005) ,The New World,2004,8,United States of America,Terrence Malick,Terrence Malick,1943-11-30,,"Ottawa, Illinois, USA",/name/nm0000517/,6.7,6.9
tt0423176,Shijie (2004) ,The World,2004,3,China,Jia Zhangke,Zhangke Jia,1970-5-24,,"Fenyang, Shanxi, China",/name/nm0422605/,7.1,8.1
tt0363589,Elephant (2003) ,Elephant,2003,6,United States of America,Gus Van Sant,Gus Van Sant,1952-7-24,,"Louisville, Kentucky, USA",/name/nm0001814/,7.2,7.0
tt1790885,Zero Dark Thirty (2012) ,Zero Dark Thirty,2012,5,United States of America,Kathryn Bigelow,Kathryn Bigelow,1951-11-27,,"San Carlos, California, USA",/name/nm0000941/,7.4,9.5
tt0399146,A History of Violence (2005) ,A History of Violence,2005,6,Canada,David Cronenberg,David Cronenberg,1943-3-15,,"Toronto, Ontario, Canada",/name/nm0000343/,7.5,8.1
tt0381061,Casino Royale (2006) ,Casino Royale,2006,4,New Zealand,Martin Campbell,Martin Campbell,1943-10-24,,"Hastings, New Zealand",/name/nm0132709/,8.0,8.0
tt2153963,Tabu (2012) ,Tabu,2012,8,Portugal,Miguel Gomes,Miguel Gomes,1972-0-0,,"Lisbon, Portugal",/name/nm0326937/,7.3,7.8
tt1854513,Blancanieves (2012) ,Snow White,2012,1,Spain,Pablo Berger,Pablo Berger,1963-0-0,,"Bilbao, Vizcaya, País Vasco, Spain",/name/nm0074311/,7.6,8.2
tt0978759,Frozen River (2008) ,Frozen River,2008,1,United States of America,Courtney Hunt,Courtney Hunt,1964-0-0,,"Memphis, Tennessee, USA",/name/nm2581581/,7.2,8.2
tt0280707,Gosford Park (2001) ,Gosford Park,2001,2,United States of America,Robert Altman,Robert Altman,1925-2-20,2006-11-20,"Kansas City, Missouri, USA",/name/nm0000265/,7.3,9.0
tt1375666,Inception (2010) ,Inception,2010,7,United Kingdom,Christopher Nolan,Christopher Nolan,1970-7-30,,"London, England, UK",/name/nm0634240/,8.8,7.4
tt0457430,Pan's Labyrinth (2006) ,Pan's Labyrinth,2006,17,Mexico,Guillermo Del Toro,Guillermo del Toro,1964-10-9,,"Guadalajara, Jalisco, Mexico",/name/nm0868219/,8.2,9.8
tt0387898,Caché (2005) ,Caché,2005,13,Germany,Michael Haneke,Michael Haneke,1942-3-23,,"Munich, Bavaria, Germany",/name/nm0359734/,7.3,8.3
tt0427312,Grizzly Man (2005) ,Grizzly Man,2005,4,Germany,Werner Herzog,Werner Herzog,1942-9-5,,"Munich, Bavaria, Germany",/name/nm0001348/,7.8,8.7
tt2076220,Holy Motors (2012) ,Holy Motors,2012,16,France,Leos Carax,Leos Carax,1960-11-22,,"Suresnes, Seine [now Hauts-de-Seine], France",/name/nm0136021/,7.1,8.4
tt2340784,Le dernier des injustes (2013) ,The Last of the Unjust,2013,3,France,Claude Lanzmann,Claude Lanzmann,1925-11-27,2018-7-5,"Bois-Colombes, Hauts-de-Seine, France",/name/nm0487351/,7.2,8.0
tt0469494,There Will Be Blood (2007) ,There Will Be Blood,2007,35,United States of America,Paul Thomas Anderson,Paul Thomas Anderson,1970-6-26,,"Studio City, California, USA",/name/nm0000759/,8.2,9.3
tt0254686,The Piano Teacher (2001) ,The Piano Teacher,2001,1,Germany,Michael Haneke,Michael Haneke,1942-3-23,,"Munich, Bavaria, Germany",/name/nm0359734/,7.5,7.9
tt0466893,Margaret (2011) ,Margaret,2011,9,United States of America,Kenneth Lonergan,Kenneth Lonergan,1962-10-16,,"New York City, New York, USA",/name/nm0518836/,6.5,6.1
tt0144084,American Psycho (2000) ,American Psycho,2000,3,Canada,Mary Harron,Mary Harron,1953-1-12,,"Bracebridge, Ontario, Canada",/name/nm0366004/,7.6,6.4
tt1405809,Lourdes (2009) ,Lourdes,2009,1,Austria,Jessica Hausner,Jessica Hausner,1972-10-6,,"Vienna, Austria",/name/nm0369618/,6.9,7.1
tt0471030,Red Road (2006) ,Red Road,2006,2,United Kingdom,Andrea Arnold,Andrea Arnold,1961-4-5,,"Dartford, Kent, England, UK",/name/nm0036349/,6.8,7.3
tt1065073,Boyhood (2014) ,Boyhood,2014,30,United States of America,Richard Linklater,Richard Linklater,1960-7-30,,"Houston, Texas, USA",/name/nm0000500/,7.9,10.0
tt1223975,Tony Manero (2008) ,Tony Manero,2008,1,Chile,Pablo Larraín,Pablo Larraín,1976-8-19,,"Santiago, Chile",/name/nm1883257/,6.8,7.2
tt1832382,A Separation (2011) ,A Separation,2011,28,Iran,Asghar Farhadi,Asghar Farhadi,1972-5-7,,"Khomeyni Shahr, Isfahan, Iran",/name/nm1410815/,8.3,9.5
tt0266543,Finding Nemo (2003) ,Finding Nemo,2003,4,United States of America,Andrew Stanton and Lee Unkrich,Andrew Stanton,1965-12-3,,"Boston, Massachusetts, USA",/name/nm0004056/,8.1,9.0
tt0299977,Ying xiong (2002) ,Hero,2002,2,China,Zhang Yimou,Yimou Zhang,1951-11-14,,"Xi'an, Shaanxi, China",/name/nm0955443/,7.9,8.5
tt0993846,The Wolf of Wall Street (2013) ,The Wolf of Wall Street,2013,4,United States of America,Martin Scorsese,Martin Scorsese,1942-11-17,,"Queens, New York City, New York, USA",/name/nm0000217/,8.2,7.5
tt1216496,Mother (2009) ,Mother,2009,3,South Korea,Bong Joon-ho,Joon-ho Bong,1969-9-14,,"Daegu, South Korea",/name/nm0094435/,7.8,7.9
tt0440963,The Bourne Ultimatum (2007) ,The Bourne Ultimatum,2007,1,United Kingdom,Paul Greengrass,Paul Greengrass,1955-8-13,,"Cheam, Surrey, England, UK",/name/nm0339030/,8.0,8.5
tt0181865,Traffic (2000) ,Traffic,2000,2,United States of America,Steven Soderbergh,Steven Soderbergh,1963-1-14,,"Atlanta, Georgia, USA",/name/nm0001752/,7.6,8.6
tt0815227,Quei loro incontri (2006) ,These Encounters of Theirs,2006,1,France,Danièle Huillet and Jean-Marie Straub,Danièle Huillet,1936-5-1,2006-10-9,"Paris, France",/name/nm0401247/,6.9,
tt1156173,Vincere (2009) ,Vincere,2009,1,Italy,Marco Bellocchio,Marco Bellocchio,1939-11-9,,"Piacenza, Emilia-Romagna, Italy",/name/nm0069166/,6.9,8.5
tt1646975,Le Quattro Volte (2010) ,Le quattro volte,2010,1,Italy,Michelangelo Frammartino,Michelangelo Frammartino,1968-0-0,,"Milan, Lombardy, Italy",/name/nm1506005/,7.2,8.0
tt0245276,Il mestiere delle armi (2001) ,The Profession of Arms,2001,1,Italy,Ermanno Olmi,Ermanno Olmi,1931-7-24,2018-5-5,"Bergamo, Lombardy, Italy",/name/nm0647438/,7.0,
tt0257726,Gostanza da Libbiano (2000) ,Gostanza da Libbiano,2000,1,Italy,Paolo Benvenuti,Paolo Benvenuti,1946-1-30,,"Pisa, Tuscany, Italy",/name/nm0073047/,7.2,
tt0328825,Al primo soffio di vento (2002) ,At the First Breath of Wind,2003,1,Italy,Franco Piavoli,Franco Piavoli,1933-6-21,,"Pozzolengo, Lombardy, Italy",/name/nm0681311/,7.3,
tt3102590,Sangue (2013) ,Sangue,2013,1,,Pippo Delbono,Pippo Delbono,,,,/name/nm2647632/,5.9,
tt5152918,Earth (2015) ,Terra,2015,1,,Marco De Angelis and Antonio Di Trapani,Marco De Angelis,,,,/name/nm3722813/,,
tt0431958,Oh! Uomo (2004) ,Oh! Man,2004,1,Italy,Yervant Gianikian and Angela Ricci Lucchi,Yervant Gianikian,1942-0-0,,"Merano, Trentino-Alto Adige, Italy",/name/nm0316214/,7.4,
tt2112293,The Comedy (2012) ,The Comedy,2012,2,,Rick Alverson,Rick Alverson,,,,/name/nm3687830/,6.4,
tt1527186,Melancholia (2011) ,Melancholia,2011,7,Denmark,Lars von Trier,Lars von Trier,1956-4-30,,"Copenhagen, Denmark",/name/nm0001885/,7.2,8.0
tt0361748,Inglourious Basterds (2009) ,Inglourious Basterds,2009,10,United States of America,Quentin Tarantino,Quentin Tarantino,1963-3-27,,"Knoxville, Tennessee, USA",/name/nm0000233/,8.3,6.9
tt2042568,Inside Llewyn Davis (2013) ,Inside Llewyn Davis,2013,20,United States of America,Joel and Ethan Coen,Ethan Coen,1957-9-21,,"Minneapolis, Minnesota, USA",/name/nm0001053/,7.5,9.3
tt1714915,Only Lovers Left Alive (2013) ,Only Lovers Left Alive,2013,7,United States of America,Jim Jarmusch,Jim Jarmusch,1953-1-22,,"Akron, Ohio, USA",/name/nm0000464/,7.3,7.9
tt1821641,The Congress (2013) ,The Congress,2013,2,Israel,Ari Folman,Ari Folman,1962-12-17,,"Haifa, Israel",/name/nm0284369/,6.5,6.3
tt1560747,The Master (2012) ,The Master,2012,10,United States of America,Paul Thomas Anderson,Paul Thomas Anderson,1970-6-26,,"Studio City, California, USA",/name/nm0000759/,7.1,8.6
tt0307901,25th Hour (2002) ,25th Hour,2002,12,United States of America,Spike Lee,Spike Lee,1957-3-20,,"Atlanta, Georgia, USA",/name/nm0000490/,7.7,6.7
tt0274309,24 Hour Party People (2002) ,24 Hour Party People,2002,2,United Kingdom,Michael Winterbottom,Michael Winterbottom,1961-3-29,,"Blackburn, Lancashire, England, UK",/name/nm0935863/,7.4,8.5
tt1827487,Bir Zamanlar Anadolu'da (2011) ,Once Upon a Time in Anatolia,2011,7,Turkey,Nuri Bilge Ceylan,Nuri Bilge Ceylan,1959-1-26,,"Istanbul, Turkey",/name/nm0149196/,7.9,8.2
tt0443706,Zodiac (2007) ,Zodiac,2007,15,United States of America,David Fincher,David Fincher,1962-8-28,,"Denver, Colorado, USA",/name/nm0000399/,7.7,7.8
tt1019452,A Serious Man (2009) ,A Serious Man,2009,8,United States of America,Joel and Ethan Coen,Ethan Coen,1957-9-21,,"Minneapolis, Minnesota, USA",/name/nm0001053/,7.1,7.9
tt1340800,Tinker Tailor Soldier Spy (2011) ,Tinker Tailor Soldier Spy,2011,1,Sweden,Tomas Alfredson,Tomas Alfredson,1965-4-1,,"Lidingö, Stockholms län, Sweden",/name/nm0019247/,7.1,8.5
tt0390384,Primer (2004) ,Primer,2004,1,United States of America,Shane Carruth,Shane Carruth,1972-0-0,,"Myrtle Beach, South Carolina, USA",/name/nm1503403/,6.9,6.8
tt1588895,Loong Boonmee raleuk chat (2010) ,Uncle Boonmee Who Can Recall His Past Lives,2010,9,Thailand,Apichatpong Weerasethakul,Apichatpong Weerasethakul,1970-7-16,,"Bangkok, Thailand",/name/nm0917405/,6.7,8.7
tt0212712,2046 (2004) ,2046,2004,2,China,Wong Kar-wai,Kar-Wai Wong,1956-7-17,,"Shanghai, China",/name/nm0939182/,7.5,7.8
tt0268126,Adaptation. (2002) ,Adaptation,2002,3,United States of America,Spike Jonze,Spike Jonze,1969-10-22,,"Rockville, Maryland, USA",/name/nm0005069/,7.7,8.3
tt0387055,Batalla en el cielo (2005) ,Battle in Heaven,2005,1,Mexico,Carlos Reygadas,Carlos Reygadas,1971-10-10,,"Mexico City, Distrito Federal, Mexico",/name/nm1196161/,5.6,
tt0460829,Inland Empire (2006) ,Inland Empire,2006,1,United States of America,David Lynch,David Lynch,1946-1-20,,"Missoula, Montana, USA",/name/nm0000186/,7.0,7.2
tt1236371,Mistérios de Lisboa (2010) ,Mysteries of Lisbon,2010,2,Chile,Raoul Ruiz,Raoul Ruiz,1941-7-25,2011-8-19,"Puerto Montt, Chile",/name/nm0749914/,7.5,8.2
tt0206634,Children of Men (2006) ,Children of Men,2006,18,Mexico,Alfonso Cuarón,Alfonso Cuarón,1961-11-28,,"Mexico City, Distrito Federal, Mexico",/name/nm0190859/,7.9,8.4
tt0317248,City of God (2002) ,City of God,2002,10,Brazil,Fernando Meirelles and Kátia Lund,Fernando Meirelles,1955-11-9,,"São Paulo, São Paulo, Brazil",/name/nm0576987/,8.6,7.9
tt0317705,The Incredibles (2004) ,The Incredibles,2004,3,United States of America,Brad Bird,Brad Bird,1957-9-24,,"Kalispell, Montana, USA",/name/nm0083348/,8.0,9.0
tt2562232,Birdman or (The Unexpected Virtue of Ignorance) (2014) ,Birdman,2014,5,Mexico,Alejandro González Iñárritu,Alejandro G. Iñárritu,1963-8-15,,"Mexico City, Distrito Federal, Mexico",/name/nm0327944/,7.7,8.7
tt0388795,Brokeback Mountain (2005) ,Brokeback Mountain,2005,11,Taiwan,Ang Lee,Ang Lee,1954-10-23,,"Pingtung, Taiwan",/name/nm0000487/,7.7,8.7
tt2024544,12 Years a Slave (2013) ,12 Years a Slave,2013,10,United Kingdom,Steve McQueen,Steve McQueen,1969-10-9,,"London, England, UK",/name/nm2588606/,8.1,9.6
tt1232776,Fish Tank (2009) ,Fish Tank,2009,5,United Kingdom,Andrea Arnold,Andrea Arnold,1961-4-5,,"Dartford, Kent, England, UK",/name/nm0036349/,7.3,8.1
tt3612616,Mommy (2014) ,Mommy,2014,3,Canada,Xavier Dolan,Xavier Dolan,1989-3-20,,"Montreal, Quebec, Canada",/name/nm0230859/,8.1,7.4
tt0287467,Talk to Her (2002) ,Talk to Her,2002,13,Spain,Pedro Almodóvar,Pedro Almodóvar,1949-9-25,,"Calzada de Calatrava, Ciudad Real, Castilla-La Mancha, Spain",/name/nm0000264/,8.0,8.6
tt3409392,Timbuktu (2014) ,Timbuktu,2014,9,Mauritania,Abderrahmane Sissako,Abderrahmane Sissako,1961-10-13,,"Kiffa, Mauritania",/name/nm0803066/,7.2,9.2
tt1020072,Selma (2014) ,Selma,2014,5,United States of America,Ava DuVernay,Ava DuVernay,1972-8-24,,"Long Beach, California, USA",/name/nm1148550/,7.5,8.8
tt1149362,The White Ribbon (2009) ,The White Ribbon,2009,13,Germany,Michael Haneke,Michael Haneke,1942-3-23,,"Munich, Bavaria, Germany",/name/nm0359734/,7.8,8.2
tt1221141,La mujer sin cabeza (2008) ,The Headless Woman,2008,6,Argentina,Lucrecia Martel,Lucrecia Martel,1966-12-14,,"Salta, Argentina",/name/nm0551506/,6.6,8.1
tt0265666,The Royal Tenenbaums (2001) ,The Royal Tenenbaums,2001,7,United States of America,Wes Anderson,Wes Anderson,1969-5-1,,"Houston, Texas, USA",/name/nm0027572/,7.6,7.6
tt1748122,Moonrise Kingdom (2012) ,Moonrise Kingdom,2012,5,United States of America,Wes Anderson,Wes Anderson,1969-5-1,,"Houston, Texas, USA",/name/nm0027572/,7.8,8.4
tt0335266,Lost in Translation (2003) ,Lost in Translation,2003,12,United States of America,Sofia Coppola,Sofia Coppola,1971-5-14,,"New York City, New York, USA",/name/nm0001068/,7.8,8.9
tt1315981,A Single Man (2009) ,A Single Man,2009,1,United States of America,Tom Ford,Tom Ford,1961-8-27,,"Austin, Texas, USA",/name/nm1053530/,7.6,7.7
tt0435761,Toy Story 3 (2010) ,Toy Story 3,2010,3,United States of America,Lee Unkrich,Lee Unkrich,1967-8-8,,"Cleveland, Ohio, USA",/name/nm0881279/,8.3,9.2
tt1226236,Io sono l'amore (2009) ,I Am Love,2009,2,Italy,Luca Guadagnino,Luca Guadagnino,1971-0-0,,"Palermo, Sicily, Italy",/name/nm0345174/,7.1,7.9
tt0246578,Donnie Darko (2001) ,Donnie Darko,2001,3,United States of America,Richard Kelly,Richard Kelly,1975-3-28,,"Newport News, Virginia, USA",/name/nm0446819/,8.1,7.1
tt1791528,Inherent Vice (2014) ,Inherent Vice,2014,4,United States of America,Paul Thomas Anderson,Paul Thomas Anderson,1970-6-26,,"Studio City, California, USA",/name/nm0000759/,6.7,8.1
tt1438535,Film socialisme (2010) ,Film socialisme,2010,2,France,Jean-Luc Godard,Jean-Luc Godard,1930-12-3,,"Paris, France",/name/nm0000419/,5.8,6.4
tt1245492,This Is the End (2013) ,This Is the End,2013,1,,Evan Goldberg and Seth Rogen,Evan Goldberg,,,,/name/nm1698571/,6.6,6.7
tt1421051,Somewhere (2010) ,Somewhere,2010,3,United States of America,Sofia Coppola,Sofia Coppola,1971-5-14,,"New York City, New York, USA",/name/nm0001068/,6.3,6.7
tt1532530,La folie Almayer (2011) ,Almayer's Folly,2011,1,Belgium,Chantal Akerman,Chantal Akerman,1950-6-6,2015-10-5,"Brussels, Belgium",/name/nm0001901/,6.4,9.2
tt0339357,Histoire de Marie et Julien (2003) ,The Story of Marie and Julien,2003,2,France,Jacques Rivette,Jacques Rivette,1928-3-1,2016-1-29,"Rouen, Seine-Inférieure [now Seine-Maritime], France",/name/nm0729626/,7.0,
tt0215545,Bamboozled (2000) ,Bamboozled,2000,1,United States of America,Spike Lee,Spike Lee,1957-3-20,,"Atlanta, Georgia, USA",/name/nm0000490/,6.5,
tt1441395,Under the Skin (2013) ,Under the Skin,2013,7,United Kingdom,Jonathan Glazer,Jonathan Glazer,1965-3-26,,"London, England, UK",/name/nm0322242/,6.3,7.8
tt2401878,Anomalisa (2015) ,Anomalisa,2015,1,United States of America,Duke Johnson and Charlie Kaufman,Duke Johnson,1979-3-20,,"St. Louis, Missouri, USA",/name/nm2122478/,7.3,8.8
tt1277953,Madagascar 3: Europe's Most Wanted (2012) ,Madagascar 3: Europe's Most Wanted,2012,1,,"Eric Darnell,Tom McGrath and Conrad Vernon",Eric Darnell,,,,/name/nm0201509/,6.8,
tt1431181,Another Year (2010) ,Another Year,2010,1,United Kingdom,Mike Leigh,Mike Leigh,1943-2-20,,"Salford, Greater Manchester, England, UK",/name/nm0005139/,7.3,8.0
tt0401383,The Diving Bell and the Butterfly (2007) ,The Diving Bell and the Butterfly,2007,5,United States of America,Julian Schnabel,Julian Schnabel,1951-10-26,,"Brooklyn, New York, USA",/name/nm0773603/,8.0,9.2
tt1285016,The Social Network (2010) ,The Social Network,2010,13,United States of America,David Fincher,David Fincher,1962-8-28,,"Denver, Colorado, USA",/name/nm0000399/,7.7,9.5
tt0910970,WALL·E (2008) ,WALL-E,2008,11,United States of America,Andrew Stanton,Andrew Stanton,1965-12-3,,"Boston, Massachusetts, USA",/name/nm0004056/,8.4,9.5
tt0208990,La stanza del figlio (2001) ,The Son's Room,2001,2,Italy,Nanni Moretti,Nanni Moretti,1953-8-19,,"Brunico, Trentino-Alto Adige, Italy",/name/nm0604335/,7.4,7.3
tt1225831,Extraordinary Stories (2008) ,Extraordinary Stories,2008,1,Argentina,Mariano Llinás,Mariano Llinás,1975-0-0,,"Buenos Aires, Argentina",/name/nm1183471/,8.1,
tt3508840,The Assassin (2015) ,The Assassin,2015,5,China,Hou Hsiao-hsien,Hsiao-Hsien Hou,1947-4-8,,"Meixian, Guangdong, China",/name/nm0396284/,6.3,8.0
tt0405159,Million Dollar Baby (2004) ,Million Dollar Baby,2004,3,United States of America,Clint Eastwood,Clint Eastwood,1930-5-31,,"San Francisco, California, USA",/name/nm0000142/,8.1,8.6
tt2802154,Leviathan (2014) ,Leviathan,2014,10,USSR [now Russia],Andrey Zvyagintsev,Andrey Zvyagintsev,1964-2-6,,"Novosibirsk, Novosibirskaya oblast, RSFSR, USSR [now Russia]",/name/nm1168657/,7.6,9.2
tt2852400,A Touch of Sin (2013) ,A Touch of Sin,2013,4,China,Jia Zhangke,Zhangke Jia,1970-5-24,,"Fenyang, Shanxi, China",/name/nm0422605/,7.1,7.6
tt0346094,Uzak (2002) ,Distant,2002,3,Turkey,Nuri Bilge Ceylan,Nuri Bilge Ceylan,1959-1-26,,"Istanbul, Turkey",/name/nm0149196/,7.7,8.4
tt1235166,A Prophet (2009) ,A Prophet,2009,7,France,Jacques Audiard,Jacques Audiard,1952-4-30,,"Paris, France",/name/nm0002191/,7.9,9.0
tt2278871,Blue Is the Warmest Color (2013) ,Blue Is the Warmest Color,2013,7,Tunisia,Abdellatif Kechiche,Abdellatif Kechiche,1960-12-7,,"Tunis, Tunisia",/name/nm0444244/,7.8,8.8
tt0416991,Moolaadé (2004) ,Moolaadé,2004,5,Senegal,Ousmane Sembèène,Ousmane Sembene,1923-1-1,2007-6-9,"Ziguenchor, Casamance, Senegal",/name/nm0783733/,7.7,9.1
tt1305806,The Secret in Their Eyes (2009) ,The Secret in Their Eyes,2009,3,Argentina,Juan José Campanella,Juan José Campanella,1959-7-19,,"Buenos Aires, Argentina",/name/nm0002728/,8.2,8.0
tt0364569,Oldeuboi (2003) ,Oldboy,2003,11,South Korea,Park Chan-wook,Chan-wook Park,1963-8-23,,"Seoul, South Korea",/name/nm0661791/,8.4,7.4
tt0243255,Fat Girl (2001) ,Fat Girl,2001,2,France,Catherine Breillat,Catherine Breillat,1948-7-13,,"Bressuire, Deux-Sèvres, France",/name/nm0106924/,6.5,7.7
tt0464141,The Orphanage (2007) ,The Orphanage,2007,1,Spain,J. A. Bayona,J.A. Bayona,1975-5-9,,"Barcelona, Catalonia, Spain",/name/nm1291105/,7.5,7.4
tt2106476,The Hunt (2012) ,The Hunt,2012,1,Denmark,Thomas Vinterberg,Thomas Vinterberg,1969-5-19,,"Copenhagen, Denmark",/name/nm0899121/,8.3,7.7
tt2101441,Spring Breakers (2012) ,Spring Breakers,2012,7,United States of America,Harmony Korine,Harmony Korine,1973-1-4,,"Bolinas, California, USA",/name/nm0005101/,5.3,6.3
tt1093842,My Winnipeg (2007) ,My Winnipeg,2007,3,Canada,Guy Maddin,Guy Maddin,1956-2-28,,"Winnipeg, Manitoba, Canada",/name/nm0534665/,7.6,8.4
tt1139328,The Ghost Writer (2010) ,The Ghost Writer,2010,2,France,Roman Polanski,Roman Polanski,1933-8-18,,"Paris, France",/name/nm0000591/,7.2,7.7
tt0203009,Moulin Rouge! (2001) ,Moulin Rouge!,2001,6,Australia,Baz Luhrmann,Baz Luhrmann,1962-9-17,,"New South Wales, Australia",/name/nm0525303/,7.6,6.6
tt3103326,Manakamana (2013) ,Manakamana,2013,1,,Pacho Velez and Stephanie Spray,Stephanie Spray,,,,/name/nm5856477/,6.6,8.6
tt0421715,The Curious Case of Benjamin Button (2008) ,The Curious Case of Benjamin Button,2008,2,United States of America,David Fincher,David Fincher,1962-8-28,,"Denver, Colorado, USA",/name/nm0000399/,7.8,7.0
tt1106760,"Cuba, une odyssée africaine (2007) ",Cuba: An African Odyssey,2007,1,,Jihan El-Tahri,Jihan El-Tahri,,,,/name/nm1911613/,8.3,
tt0800199,Shoot the Messenger (2006) ,Shoot the Messenger,2006,1,Nigeria,Ngozi Onwurah,Ngozi Onwurah,1964-0-0,,Nigeria,/name/nm0648937/,6.6,
tt0474246,Le malentendu colonial (2004) ,The Colonial Misunderstanding,2004,1,Cameroon,Jean-Marie Téno,Jean-Marie Téno,1954-5-14,,"Famleng, Cameroon",/name/nm0879403/,6.8,
tt1545464,Restless City (2011) ,Restless City,2011,1,,Andrew Dosunmu,Andrew Dosunmu,,,,/name/nm0234506/,5.9,
tt0471130,Conversations on a Sunday Afternoon (2005) ,Conversations on a Sunday Afternoon,2005,1,,Khalo Matabane,Khalo Matabane,,,,/name/nm1988834/,7.1,
tt2404181,Belle (2013) ,Belle,2013,1,United Kingdom,Amma Asante,Amma Asante,1969-0-0,,"Streatham, London, England, UK",/name/nm1392994/,7.4,6.4
tt0180093,Requiem for a Dream (2000) ,Requiem for a Dream,2000,3,United States of America,Darren Aronofsky,Darren Aronofsky,1969-2-12,,"Brooklyn, New York City, New York, USA",/name/nm0004716/,8.3,6.8
tt0870984,Antichrist (2009) ,Antichrist,2009,2,Denmark,Lars von Trier,Lars von Trier,1956-4-30,,"Copenhagen, Denmark",/name/nm0001885/,6.6,
tt0456396,The Child (2005) ,The Child,2005,2,Belgium,Jean-Pierre and Luc Dardenne,Jean-Pierre Dardenne,1951-4-21,,"Engis, Wallonia, Belgium",/name/nm0201094/,7.5,8.7
tt0290673,Irréversible (2002) ,Irreversible,2002,1,Argentina,Gaspar Noé,Gaspar Noé,1963-12-27,,"Buenos Aires, Argentina",/name/nm0637615/,7.4,
tt1602620,Amour (2012) ,Amour,2012,8,Germany,Michael Haneke,Michael Haneke,1942-3-23,,"Munich, Bavaria, Germany",/name/nm0359734/,7.9,9.4
tt0265343,Monsoon Wedding (2001) ,Monsoon Wedding,2001,2,India,Mira Nair,Mira Nair,1957-10-15,,"Bhubaneshwar, Orissa, India",/name/nm0619762/,7.4,7.7
tt3808342,Saul fia (2015) ,Son of Saul,2015,10,Hungary,László Nemes,László Nemes,1977-2-18,,"Budapest, Hungary",/name/nm1841577/,7.5,9.1
tt4881362,Thithi (2015) ,Thithi,2015,1,,Raam Reddy,Raam Reddy,,,,/name/nm5339365/,8.3,
tt0283509,No Man's Land (2001) ,No Man's Land,2001,2,Republic of Serbia,Danis Tanovic,Danis Tanovic,1969-2-20,,"Zenica, Bosnia and Herzegovina, Yugoslavia",/name/nm0849786/,8.0,8.4
tt1185616,Waltz with Bashir (2008) ,Waltz with Bashir,2008,4,Israel,Ari Folman,Ari Folman,1962-12-17,,"Haifa, Israel",/name/nm0284369/,8.0,9.1
tt0181912,Éloge de l'amour (2001) ,In Praise of Love,2001,1,France,Jean-Luc Godard,Jean-Luc Godard,1930-12-3,,"Paris, France",/name/nm0000419/,6.5,6.2
tt2252304,Butter on the Latch (2013) ,Butter on the Latch,2013,1,,Josephine Decker,Josephine Decker,,,,/name/nm2528451/,5.2,
tt3687186,Heaven Knows What (2014) ,Heaven Knows What,2014,1,,Josh and Benny Safdie,Benny Safdie,,,,/name/nm1509478/,6.7,7.5
tt1235170,The Future (2011) ,The Future,2011,1,United States of America,Miranda July,Miranda July,1974-2-15,,"Barre, Vermont, USA",/name/nm0432380/,6.2,6.7
tt5537018,Coma (2015) ,Coma,2015,1,,Sara Fattahi,Sara Fattahi,,,,/name/nm7986571/,5.7,
tt1655424,Once I Was (2010) ,The Matchmaker,2010,1,Israel,Avi Nesher,Avi Nesher,1953-12-13,,"Ramat Gan, Israel",/name/nm0626409/,7.3,6.9
tt1445520,Footnote (2011) ,Footnote,2011,1,United States of America,Joseph Cedar,Joseph Cedar,1968-8-31,,"New York City, New York, USA",/name/nm0147737/,7.1,8.2
tt0291172,Le fils (2002) ,The Son,2002,5,Belgium,Jean-Pierre and Luc Dardenne,Jean-Pierre Dardenne,1951-4-21,,"Engis, Wallonia, Belgium",/name/nm0201094/,7.7,8.6
tt0334754,Yossi & Jagger (2002) ,Yossi & Jagger,2002,1,United States of America,Eytan Fox,Eytan Fox,1964-8-21,,"New York City, New York, USA",/name/nm0297202/,7.2,7.0
tt2321549,The Babadook (2014) ,The Babadook,2014,2,,Jennifer Kent,Jennifer Kent,,,,/name/nm0448768/,6.8,8.6
tt0318034,Russkiy kovcheg (2002) ,Russian Ark,2002,4,USSR [now Russia],Aleksandr Sokurov,Aleksandr Sokurov,1951-6-14,,"Podorvikha, Irkutskaya oblast, RSFSR, USSR [now Russia]",/name/nm0812546/,7.4,8.6
tt2096673,Inside Out (2015) ,Inside Out,2015,8,United States of America,Pete Docter,Pete Docter,1968-10-9,,"Bloomington, Minnesota, USA",/name/nm0230032/,8.2,9.4
tt0808417,Persepolis (2007) ,Persepolis,2007,3,France,Vincent Paronnaud and Marjane Satrapi,Vincent Paronnaud,1970-0-0,,"La Rochelle, Charente-Maritime, France",/name/nm1749112/,8.1,9.0
tt1392190,Mad Max: Fury Road (2015) ,Mad Max: Fury Road,2015,14,Australia,George Miller,George Miller,1945-3-3,,"Chinchilla, Queensland, Australia",/name/nm0004306/,8.1,9.0
tt1478964,Attack the Block (2011) ,Attack the Block,2011,2,United Kingdom,Joe Cornish,Joe Cornish,1968-12-20,,"London, England, UK",/name/nm0180428/,6.7,7.5
tt0381681,Before Sunset (2004) ,Before Sunset,2004,5,United States of America,Richard Linklater,Richard Linklater,1960-7-30,,"Houston, Texas, USA",/name/nm0000500/,8.1,9.0
tt0382932,Ratatouille (2007) ,Ratatouille,2007,4,United States of America,Brad Bird and Jan Pinkava,Brad Bird,1957-9-24,,"Kalispell, Montana, USA",/name/nm0083348/,8.0,9.6
tt0245712,Amores Perros (2000) ,Amores Perros,2000,4,Mexico,Alejandro González Iñárritu,Alejandro G. Iñárritu,1963-8-15,,"Mexico City, Distrito Federal, Mexico",/name/nm0327944/,8.1,8.3
tt0181689,Minority Report (2002) ,Minority Report,2002,2,United States of America,Steven Spielberg,Steven Spielberg,1946-12-18,,"Cincinnati, Ohio, USA",/name/nm0000229/,7.6,8.0
tt0817225,Milyang (2007) ,Secret Sunshine,2007,4,South Korea,Lee Chang-dong,Chang-dong Lee,1954-4-1,,"Daegu, South Korea",/name/nm0496969/,7.5,8.4
tt0468569,The Dark Knight (2008) ,The Dark Knight,2008,9,United Kingdom,Christopher Nolan,Christopher Nolan,1970-7-30,,"London, England, UK",/name/nm0634240/,9.0,8.4
tt1100048,35 Shots of Rum (2008) ,35 Shots of Rum,2008,5,France,Claire Denis,Claire Denis,1946-4-21,,"Paris, France",/name/nm0219136/,7.1,9.2
tt0419294,The Three Burials of Melquiades Estrada (2005) ,The Three Burials of Melquiades Estrada,2005,1,United States of America,Tommy Lee Jones,Tommy Lee Jones,1946-9-15,,"San Saba, Texas, USA",/name/nm0000169/,7.4,7.7
tt0363226,The Blind Swordsman: Zatoichi (2003) ,The Blind Swordsman: Zatoichi,2003,1,Japan,Takeshi Kitano,Takeshi Kitano,1947-1-18,,"Tokyo, Japan",/name/nm0001429/,7.6,7.5
tt0168629,Dancer in the Dark (2000) ,Dancer in the Dark,2000,2,Denmark,Lars von Trier,Lars von Trier,1956-4-30,,"Copenhagen, Denmark",/name/nm0001885/,8.0,6.1
tt2178935,Aujourd'hui (2012) ,Tey,2012,3,France,Alain Gomis,Alain Gomis,1972-0-0,,"Paris, France",/name/nm0327120/,6.4,
tt0313670,Sweet Sixteen (2002) ,Sweet Sixteen,2002,1,United Kingdom,Ken Loach,Ken Loach,1936-6-17,,"Nuneaton, Warwickshire, England, UK",/name/nm0516360/,7.5,8.6
tt0923688,Ezra (2007) ,Ezra,2007,1,Nigeria,Newton I. Aduaka,Newton I. Aduaka,1966-0-0,,"Ogidi, Nigeria",/name/nm0012529/,6.5,
tt0181875,Almost Famous (2000) ,Almost Famous,2000,4,United States of America,Cameron Crowe,Cameron Crowe,1957-7-13,,"Palm Springs, California, USA",/name/nm0001081/,7.9,9.0
tt0353969,Memories of Murder (2003) ,Memories of Murder,2003,3,South Korea,Bong Joon-ho,Joon-ho Bong,1969-9-14,,"Daegu, South Korea",/name/nm0094435/,8.1,8.2
tt0381668,Sud pralad (2004) ,Tropical Malady,2004,6,Thailand,Apichatpong Weerasethakul,Apichatpong Weerasethakul,1970-7-16,,"Bangkok, Thailand",/name/nm0917405/,7.3,7.8
tt2328813,Hard to Be a God (2013) ,Hard to Be a God,2013,2,Russia],Aleksey German,Aleksey German,1938-7-20,2013-2-21,"Leningrad, Russian SFSR, USSR [now St. Petersburg, Russia]",/name/nm0314516/,6.7,9.0
tt0443453,Borat: Cultural Learnings of America for Make Benefit Glorious Nation of Kazakhstan (2006) ,Borat: Cultural Learnings of America for Make Benefit Glorious Nation of Kazakhstan,2006,5,United States of America,Larry Charles,Larry Charles,1956-12-1,,"Brooklyn, New York City, New York, USA",/name/nm0153078/,7.3,8.9
tt1139797,Let the Right One In (2008) ,Let the Right One In,2008,3,Sweden,Tomas Alfredson,Tomas Alfredson,1965-4-1,,"Lidingö, Stockholms län, Sweden",/name/nm0019247/,7.9,8.2
tt3677466,Age of Tomorrow (2014) ,World of Tomorrow,2015,2,,Don Hertzfeldt,James Kondelik,,,,/name/nm3303482/,2.1,
tt0470752,Ex Machina (2014) ,Ex Machina,2015,2,United Kingdom,Alex Garland,Alex Garland,1970-5-26,,"London, England, UK",/name/nm0307497/,7.7,7.8
tt0848228,The Avengers (2012) ,The Avengers,2012,1,United States of America,Joss Whedon,Joss Whedon,1964-6-23,,"New York City, New York, USA",/name/nm0923736/,8.1,6.9
tt1152263,Her (2006) ,Her,2013,6,United States of America,Spike Jonze,Carlos Haynes,1983-7-14,,"Dallas, Texas, USA",/name/nm1765382/,,
tt4034228,Manchester by the Sea (2016) ,Manchester by the Sea,2016,3,United States of America,Kenneth Lonergan,Kenneth Lonergan,1962-10-16,,"New York City, New York, USA",/name/nm0518836/,7.8,9.6
tt0468492,The Host (2006) ,The Host,2006,1,South Korea,Bong Joon-ho,Joon-ho Bong,1969-9-14,,"Daegu, South Korea",/name/nm0094435/,7.0,8.5
tt1136608,District 9 (2009) ,District 9,2009,3,South Africa,Neill Blomkamp,Neill Blomkamp,1979-9-17,,"Johannesburg, South Africa",/name/nm0088955/,7.9,8.1
tt3068194,Love & Friendship (2016) ,Love & Friendship,2016,1,United States of America,Whit Stillman,Whit Stillman,1952-1-25,,"Washington, District of Columbia, USA",/name/nm0001775/,6.4,8.7
tt0423866,3-Iron (2004) ,3-Iron,2004,2,South Korea,Kim Ki-duk,Ki-duk Kim,1960-12-20,,"Bonghwa, South Korea",/name/nm1104118/,8.0,7.2
tt0424062,Ebolusyon ng isang pamilyang Pilipino (2004) ,Evolution of a Filipino Family,2004,1,Philippines,Lav Diaz,Lav Diaz,1958-12-30,,"Datu Paglas, Maguindanao, Mindanao, Philippines",/name/nm0225010/,8.0,
tt0286751,Kairo (2001) ,Pulse,2001,3,Japan,Kiyoshi Kurosawa,Kiyoshi Kurosawa,1955-7-19,,"Kobe, Japan",/name/nm0475905/,6.6,7.0
tt1664894,Cave of Forgotten Dreams (2010) ,Cave of Forgotten Dreams,2010,1,Germany,Werner Herzog,Werner Herzog,1942-9-5,,"Munich, Bavaria, Germany",/name/nm0001348/,7.4,8.6
tt1685536,Hevunzu sutôrî (2010) ,Heaven's Story,2010,1,Japan,Takahisa Zeze,Takahisa Zeze,1960-0-0,,"Tochigi, Japan",/name/nm0955270/,7.3,
tt0253474,The Pianist (2002) ,The Pianist,2002,3,France,Roman Polanski,Roman Polanski,1933-8-18,,"Paris, France",/name/nm0000591/,8.5,8.5
tt0443272,Lincoln (2012) ,Lincoln,2012,1,United States of America,Steven Spielberg,Steven Spielberg,1946-12-18,,"Cincinnati, Ohio, USA",/name/nm0000229/,7.4,8.6
tt0454876,Life of Pi (2012) ,Life of Pi,2012,1,Taiwan,Ang Lee,Ang Lee,1954-10-23,,"Pingtung, Taiwan",/name/nm0000487/,7.9,7.9
tt0327056,Mystic River (2003) ,Mystic River,2003,1,United States of America,Clint Eastwood,Clint Eastwood,1930-5-31,,"San Francisco, California, USA",/name/nm0000142/,8.0,8.4
tt1800241,American Hustle (2013) ,American Hustle,2013,1,United States of America,David O. Russell,David O. Russell,1958-8-20,,"Manhattan, New York City, New York, USA",/name/nm0751102/,7.2,9.0
tt0457655,After the Wedding (2006) ,After the Wedding,2006,1,Denmark,Susanne Bier,Susanne Bier,1960-4-15,,"Copenhagen, Denmark",/name/nm0081540/,7.8,7.8
tt0209144,Memento (2000) ,Memento,2000,11,United Kingdom,Christopher Nolan,Christopher Nolan,1970-7-30,,"London, England, UK",/name/nm0634240/,8.5,8.0
tt1454468,Gravity (2013) ,Gravity,2013,3,Mexico,Alfonso Cuarón,Alfonso Cuarón,1961-11-28,,"Mexico City, Distrito Federal, Mexico",/name/nm0190859/,7.7,9.6
tt0354575,De fem benspænd (2003) ,The Five Obstructions,2003,1,Denmark,Jørgen Leth and Lars von Trier,Jørgen Leth,1937-6-14,,"Århus, Denmark",/name/nm0504654/,7.5,7.9
tt2718492,Ida (2013) ,Ida,2013,6,Poland,PaweÅ Pawlikowski,Pawel Pawlikowski,1957-9-15,,"Warsaw, Mazowieckie, Poland",/name/nm0667734/,7.4,9.1
tt0408664,Nobody Knows (2004) ,Nobody Knows,2004,1,Japan,Hirokazu Koreeda,Hirokazu Koreeda,1962-6-6,,"Tokyo, Japan",/name/nm0466153/,8.1,8.8
tt3011894,Relatos salvajes (2014) ,Wild Tales,2014,3,Argentina,Damián Szifrón,Damián Szifron,1975-7-9,,"Ramos Mejía, Buenos Aires, Argentina",/name/nm1167933/,8.1,7.7
tt1176954,Eldorado (2008) ,Eldorado,2008,1,Belgium,Bouli Lanners,Bouli Lanners,1965-5-20,,"Moresnet-Chapelle, Belgium",/name/nm0099521/,6.8,
tt2578290,The Stuart Hall Project (2013) ,The Stuart Hall Project,2013,1,United Kingdom,John Akomfrah,John Akomfrah,1957-0-0,,"London, England, UK",/name/nm0015497/,7.1,
tt0308363,Heremakono (2002) ,Waiting for Happiness,2002,2,Mauritania,Abderrahmane Sissako,Abderrahmane Sissako,1961-10-13,,"Kiffa, Mauritania",/name/nm0803066/,6.7,
tt2400272,Something Necessary (2013) ,Something Necessary,2013,1,,Judy Kibinge,Judy Kibinge,,,,/name/nm1834196/,7.0,
tt2125423,Five Broken Cameras (2011) ,5 Broken Cameras,2011,1,,Emad Burnat and Guy Davidi,Emad Burnat,,,,/name/nm4796818/,7.9,7.8
tt4079902,Hooligan Sparrow (2016) ,Hooligan Sparrow,2016,1,,Nanfu Wang,Nanfu Wang,,,,/name/nm6811599/,7.3,7.8
tt4691166,7 Letters (2015) ,7 Letters,2015,1,Singapore,"Boo Junfeng,Eric Khoo,Jack Neo,K. Rajagopal,Tan Pin Pin,Royston Tan and Kelvin Tong",Junfeng Boo,1983-12-4,,Singapore,/name/nm3008853/,7.5,
tt1714210,Weekend (2011) ,Weekend,2011,4,United Kingdom,Andrew Haigh,Andrew Haigh,1973-3-7,,"Harrogate, North Yorkshire, England, UK",/name/nm0354091/,7.6,8.1
tt2124803,How to Survive a Plague (2012) ,How to Survive a Plague,2012,1,,David France,David France,,,,/name/nm0289800/,7.6,8.6
tt0305206,American Splendor (2003) ,American Splendor,2003,1,United States of America,Robert Pulcini and Shari Springer Berman,Shari Springer Berman,1963-7-13,,"New York City, New York, USA",/name/nm0075849/,7.5,9.0
tt0342570,An Injury to One (2002) ,An Injury to One,2002,1,United States of America,Travis Wilkerson,Travis Wilkerson,1969-0-0,,"Denver, Colorado, USA",/name/nm1288933/,7.9,7.1
tt0199725,Love & Basketball (2000) ,Love & Basketball,2000,2,United States of America,Gina Prince-Bythewood,Gina Prince-Bythewood,1969-6-10,,USA,/name/nm0697656/,7.2,7.0
tt2078648,It's Such a Beautiful Day (2011) ,It's Such a Beautiful Day,2012,3,United States of America,Don Hertzfeldt,Don Hertzfeldt,1976-8-1,,"Fremont, California, USA",/name/nm0381116/,8.6,
tt3212392,Actress (2014) ,Actress,2014,1,United States of America,Robert Greene,Robert Greene,1976-5-25,,"Charlotte, North Carolina, USA",/name/nm1914992/,6.1,7.6
tt2402927,Carol (2015) ,Carol,2015,6,United States of America,Todd Haynes,Todd Haynes,1961-1-2,,"Los Angeles, California, USA",/name/nm0001331/,7.2,9.5
tt2013293,Kaze tachinu (2013) ,The Wind Rises,2013,1,Japan,Hayao Miyazaki,Hayao Miyazaki,1941-1-5,,"Tokyo, Japan",/name/nm0594503/,7.8,8.3
tt2287749,Girl Walk: All Day (2011) ,Girl Walk: All Day,2011,1,,Jacob Krupnick,Jacob Krupnick,,,,/name/nm4937026/,7.9,
tt0369339,Collateral (2004) ,Collateral,2004,1,United States of America,Michael Mann,Michael Mann,1943-2-5,,"Chicago, Illinois, USA",/name/nm0000520/,7.5,7.1
tt0365020,Everyday People (2004) ,Brooklyn,2015,6,,John Crowley,Jim McKay,,,,/name/nm0570995/,6.6,
tt1964955,Nightcrawler (2011) ,Nightcrawler,2014,1,1956,Dan Gilroy,Michael J. Saul,1956-1-29,,1956,/name/nm0766663/,6.7,
tt1675192,Take Shelter (2011) ,Take Shelter,2011,1,United States of America,Jeff Nichols,Jeff Nichols,1978-12-7,,"Little Rock, Arkansas, USA",/name/nm2158772/,7.4,8.5
tt1424432,Senna (2010) ,Senna,2010,1,United Kingdom,Asif Kapadia,Asif Kapadia,1972-0-0,,"Hackney, London, England, UK",/name/nm0438090/,8.6,7.9
tt2347569,Frances Ha (2012) ,Frances Ha,2012,2,United States of America,Noah Baumbach,Noah Baumbach,1969-9-3,,"Brooklyn, New York City, New York, USA",/name/nm0000876/,7.4,8.2
tt1379182,Dogtooth (2009) ,Dogtooth,2009,2,Greece,Yorgos Lanthimos,Yorgos Lanthimos,1973-0-0,,"Athens, Greece",/name/nm0487166/,7.3,7.3
tt1883180,En duva satt på en gren och funderade på tillvaron (2014) ,A Pigeon Sat on a Branch Reflecting on Existence,2014,3,Sweden,Roy Andersson,Roy Andersson,1943-3-31,,"Gothenburg, Västra Götalands län, Sweden",/name/nm0027815/,7.0,8.1
tt0879843,Katyn (2007) ,Katyn,2007,1,Poland,Andrzej Wajda,Andrzej Wajda,1926-3-6,2016-10-9,"Suwalki, Podlaskie, Poland",/name/nm0906667/,7.1,8.1
tt0859765,Still Life (2006) ,Still Life,2006,3,China,Jia Zhangke,Zhangke Jia,1970-5-24,,"Fenyang, Shanxi, China",/name/nm0422605/,7.3,8.1
tt1527835,Archipelago (2010) ,Archipelago,2010,1,United Kingdom,Joanna Hogg,Joanna Hogg,1960-3-20,,"London, England, UK",/name/nm0389712/,6.3,8.2
tt0274428,Divine Intervention (2002) ,Divine Intervention,2002,1,Israel,Elia Suleiman,Elia Suleiman,1960-7-28,,"Nazareth, Israel",/name/nm0837839/,6.6,7.4
tt0371280,Talaye sorkh (2003) ,Crimson Gold,2003,1,Iran,Jafar Panahi,Jafar Panahi,1960-7-11,,"Mianeh, Azarbaijan Province, Iran",/name/nm0070159/,7.5,8.1
tt0316654,Spider-Man 2 (2004) ,Spider-Man 2,2004,1,United States of America,Sam Raimi,Sam Raimi,1959-10-23,,"Royal Oak, Michigan, USA",/name/nm0000600/,7.3,8.3
tt2294629,Frozen (2013) ,Frozen,2013,1,United States of America,Chris Buck and Jennifer Lee,Chris Buck,1958-2-24,,"Wichita, Kansas, USA",/name/nm0118333/,7.5,7.4
tt0365748,Shaun of the Dead (2004) ,Shaun of the Dead,2004,1,United Kingdom,Edgar Wright,Edgar Wright,1974-4-18,,"Poole, Dorset, England, UK",/name/nm0942367/,7.9,7.6
tt1723811,Shame (2011) ,Shame,2011,4,United Kingdom,Steve McQueen,Steve McQueen,1969-10-9,,"London, England, UK",/name/nm2588606/,7.2,7.2
tt0347048,Head-On (2004) ,Head-On,2004,1,West Germany,Fatih Akin,Fatih Akin,1973-8-25,,"Hamburg, West Germany",/name/nm0015359/,7.9,7.8
tt0375063,Sideways (2004) ,Sideways,2004,2,United States of America,Alexander Payne,Alexander Payne,1961-2-10,,"Omaha, Nebraska, USA",/name/nm0668247/,7.5,9.4
tt0276919,Dogville (2003) ,Dogville,2003,5,Denmark,Lars von Trier,Lars von Trier,1956-4-30,,"Copenhagen, Denmark",/name/nm0001885/,8.0,
tt1299384,Short Term 12 (2008) ,Short Term 12,2013,2,United States of America,Destin Daniel Cretton,Destin Daniel Cretton,1978-11-23,,"Maui, Hawaii, USA",/name/nm2308774/,7.4,
tt1120985,Blue Valentine (2010) ,Blue Valentine,2010,3,United States of America,Derek Cianfrance,Derek Cianfrance,1974-1-23,,"Lakewood, Colorado, USA",/name/nm0161834/,7.4,8.1
tt0367089,The Squid and the Whale (2005) ,The Squid and the Whale,2005,1,United States of America,Noah Baumbach,Noah Baumbach,1969-9-3,,"Brooklyn, New York City, New York, USA",/name/nm0000876/,7.4,8.2
tt1742044,Jersey Boys (2014) ,Jersey Boys,2014,1,United States of America,Clint Eastwood,Clint Eastwood,1930-5-31,,"San Francisco, California, USA",/name/nm0000142/,6.8,
tt0247586,Nine Queens (2000) ,Nine Queens,2000,1,Argentina,Fabián Bielinsky,Fabián Bielinsky,1959-2-3,2006-6-28,"Buenos Aires, Argentina",/name/nm0081433/,7.9,8.0
tt3013610,Mia madre (2015) ,Mia Madre,2015,3,Italy,Nanni Moretti,Nanni Moretti,1953-8-19,,"Brunico, Trentino-Alto Adige, Italy",/name/nm0604335/,6.8,7.0
tt1091722,Adventureland (2009) ,Adventureland,2009,1,United States of America,Greg Mottola,Greg Mottola,1964-7-11,,"Dix Hills, Long Island, New York, USA",/name/nm0609549/,6.8,7.6
tt0316356,Open Range (2003) ,Open Range,2003,1,United States of America,Kevin Costner,Kevin Costner,1955-1-18,,"Lynwood, California, USA",/name/nm0000126/,7.5,6.7
tt1158308,Profit Motive and the Whispering Wind (2007) ,Profit Motive and the Whispering Wind,2007,1,,John Gianvito,John Gianvito,,,,/name/nm1072936/,7.0,
tt4936064,In Jackson Heights (2015) ,In Jackson Heights,2015,1,United States of America,Frederick Wiseman,Frederick Wiseman,1930-1-1,,"Boston, Massachusetts, USA",/name/nm0936464/,7.2,8.1
tt1128075,Ai no mukidashi (2008) ,Love Exposure,2008,1,Japan,Sion Sono,Sion Sono,1961-12-18,,"Toyokawa, Aichi, Japan",/name/nm0814469/,8.1,7.8
tt3397884,Sicario (2015) ,Sicario,2015,1,Canada,Denis Villeneuve,Denis Villeneuve,1967-10-3,,"Trois-Rivières, Québec, Canada",/name/nm0898288/,7.6,8.2
tt2059255,No (2012) ,No,2012,3,Chile,Pablo Larraín,Pablo Larraín,1976-8-19,,"Santiago, Chile",/name/nm1883257/,7.4,8.1
tt2582802,Whiplash (2014) ,Whiplash,2014,2,United States of America,Damien Chazelle,Damien Chazelle,1985-1-19,,"Providence, Rhode Island, USA",/name/nm3227090/,8.5,8.8
tt1313092,Animal Kingdom (2010) ,Animal Kingdom,2010,2,,David Michôd,David Michôd,,,,/name/nm2391575/,7.3,8.3
tt0472043,Apocalypto (2006) ,Apocalypto,2006,1,United States of America,Mel Gibson,Mel Gibson,1956-1-3,,"Peekskill, New York, USA",/name/nm0000154/,7.8,6.8
tt1233381,Three Monkeys (2008) ,Three Monkeys,2008,1,Turkey,Nuri Bilge Ceylan,Nuri Bilge Ceylan,1959-1-26,,"Istanbul, Turkey",/name/nm0149196/,7.4,7.3
tt4145178,Listen to Me Marlon (2015) ,Listen to Me Marlon,2015,1,,Stevan Riley,Stevan Riley,,,,/name/nm2257147/,8.2,8.7
tt0415306,Talladega Nights: The Ballad of Ricky Bobby (2006) ,Talladega Nights: The Ballad of Ricky Bobby,2006,1,United States of America,Adam McKay,Adam McKay,1968-4-17,,"Philadelphia, Pennsylvania, USA",/name/nm0570912/,6.6,6.6
tt0985597,Centochiodi (2007) ,Centochiodi,2007,1,Italy,Ermanno Olmi,Ermanno Olmi,1931-7-24,2018-5-5,"Bergamo, Lombardy, Italy",/name/nm0647438/,6.4,
tt0475276,United 93 (2006) ,United 93,2006,2,United Kingdom,Paul Greengrass,Paul Greengrass,1955-8-13,,"Cheam, Surrey, England, UK",/name/nm0339030/,7.6,9.0
tt1478338,Bridesmaids (2011) ,Bridesmaids,2011,3,United States of America,Paul Feig,Paul Feig,1962-9-17,,"Mount Clemens, Michigan, USA",/name/nm0082450/,6.8,7.5
tt3521134,The Look of Silence (2014) ,The Look of Silence,2014,4,United States of America,Joshua Oppenheimer,Joshua Oppenheimer,1974-9-23,,"Texas, USA",/name/nm1484791/,8.3,9.2
tt0272338,Punch-Drunk Love (2002) ,Punch-Drunk Love,2002,3,United States of America,Paul Thomas Anderson,Paul Thomas Anderson,1970-6-26,,"Studio City, California, USA",/name/nm0000759/,7.3,7.8
tt1242460,We Need to Talk About Kevin (2011) ,We Need to Talk About Kevin,2011,3,United Kingdom,Lynne Ramsay,Lynne Ramsay,1969-12-5,,"Glasgow, Strathclyde, Scotland, UK",/name/nm0708903/,7.5,6.8
tt0200530,Chuck & Buck (2000) ,Chuck & Buck,2000,1,Puerto Rico,Miguel Arteta,Miguel Arteta,1965-0-0,,"San Juan, Puerto Rico",/name/nm0037708/,6.6,7.6
tt0172495,Gladiator (2000) ,Gladiator,2000,2,United Kingdom,Ridley Scott,Ridley Scott,1937-11-30,,"South Shields, County Durham, England, UK",/name/nm0000631/,8.5,6.7
tt0432232,The Century of the Self             ,The Century of the Self,2002,1,United Kingdom,Adam Curtis,Adam Curtis,1955-5-26,,"Dartford, Kent, England, UK",/name/nm0193231/,8.9,8.0
tt0408306,Munich (2005) ,Munich,2005,2,United States of America,Steven Spielberg,Steven Spielberg,1946-12-18,,"Cincinnati, Ohio, USA",/name/nm0000229/,7.6,7.4
tt0300140,Lilya 4-Ever (2002) ,Lilya 4-Ever,2002,2,Sweden,Lukas Moodysson,Lukas Moodysson,1969-1-17,,"Malmö, Skåne län, Sweden",/name/nm0600546/,7.9,8.2
tt0280665,Femme Fatale (2002) ,Femme Fatale,2002,5,United States of America,Brian De Palma,Brian De Palma,1940-9-11,,"Newark, New Jersey, USA",/name/nm0000361/,6.3,
tt0299177,This Is Not a Film (2001) ,This Is Not a Film,2011,1,Bolivia,Mojtaba Mirtahmasb and Jafar Panahi,Anthony Stabley,,,"La Paz, Bolivia",/name/nm0006589/,7.4,
tt1103275,Two Lovers (2008) ,Two Lovers,2008,1,United States of America,James Gray,James Gray,1969-4-14,,"New York City, New York, USA",/name/nm0336695/,7.0,7.4
tt4935446,Heart of a Dog (2015) ,Heart of a Dog,2015,1,United States of America,Laurie Anderson,Laurie Anderson,1947-6-5,,"Glen Ellyn, Illinois, USA",/name/nm0002173/,7.1,8.4
tt0405094,The Lives of Others (2006) ,The Lives of Others,2006,10,Germany,Florian Henckel von Donnersmarck,Florian Henckel von Donnersmarck,1973-5-2,,"Cologne, North Rhine-Westphalia, Germany",/name/nm0003697/,8.4,8.9
tt0249241,Werckmeister harmóniák (2000) ,Werckmeister Harmonies,2000,4,Hungary,Béla Tarr and Ágnes Hranitzky,Béla Tarr,1955-7-21,,"Pécs, Hungary",/name/nm0850601/,8.2,9.2
tt1135952,White Material (2009) ,White Material,2009,3,France,Claire Denis,Claire Denis,1946-4-21,,"Paris, France",/name/nm0219136/,7.0,8.1
tt2852458,L'inconnu du lac (2013) ,Stranger by the Lake,2013,1,France,Alain Guiraudie,Alain Guiraudie,1964-7-15,,"Villefranche-de-Rouergue, Aveyron, France",/name/nm0347492/,6.8,8.2
tt0460480,Juventude Em Marcha (2006) ,Colossal Youth,2006,2,Portugal,Pedro Costa,Pedro Costa,1958-12-30,,"Lisbon, Portugal",/name/nm0182276/,7.1,
tt3102458,Història de la meva mort (2013) ,Story of My Death,2013,1,Spain,Albert Serra,Albert Serra,1975-0-0,,"Banyoles, Girona, Catalonia, Spain",/name/nm2247200/,6.6,8.0
tt1403047,Aurora (2010) ,Aurora,2010,1,Romania,Cristi Puiu,Cristi Puiu,1967-4-3,,"Bucharest, Romania",/name/nm1090998/,6.7,6.3
tt1316540,A torinói ló (2011) ,The Turin Horse,2011,6,Hungary,Béla Tarr and Ágnes Hranitzky,Béla Tarr,1955-7-21,,"Pécs, Hungary",/name/nm0850601/,7.8,8.0
tt1130884,Shutter Island (2010) ,Shutter Island,2010,1,United States of America,Martin Scorsese,Martin Scorsese,1942-11-17,,"Queens, New York City, New York, USA",/name/nm0000217/,8.1,6.3
tt0299478,Saraband (2003) ,Saraband,2003,1,Sweden,Ingmar Bergman,Ingmar Bergman,1918-7-14,2007-7-30,"Uppsala, Uppsala län, Sweden",/name/nm0000005/,7.7,8.0
tt0376968,The Return (2003) ,The Return,2003,5,USSR [now Russia],Andrey Zvyagintsev,Andrey Zvyagintsev,1964-2-6,,"Novosibirsk, Novosibirskaya oblast, RSFSR, USSR [now Russia]",/name/nm1168657/,8.0,8.2
tt0447649,Import-eksport (2005) ,Import Export,2007,1,,Ulrich Seidl,Khalid Hussain,,,,/name/nm0403964/,5.6,
tt1663202,The Revenant (2015) ,The Revenant,2015,1,Mexico,Alejandro González Iñárritu,Alejandro G. Iñárritu,1963-8-15,,"Mexico City, Distrito Federal, Mexico",/name/nm0327944/,8.0,7.6
tt0389448,Tiexi qu (2002) ,Tie Xi Qu: West of the Tracks,2002,2,China,Wang Bing,Bing Wang,1967-0-0,,"Xi'an, Shaanxi, China",/name/nm1504063/,8.6,
tt0463991,Le filmeur (2005) ,Le filmeur,2005,1,France,Alain Cavalier,Alain Cavalier,1931-9-14,,"Vendôme, Loir-et-Cher, France",/name/nm0146760/,6.8,
tt3703130,Capitalism: Child Labor (2006) ,Capitalism: Child Labor,2007,1,United States of America,Ken Jacobs,Ken Jacobs,1933-5-25,,"Williamsburg, Brooklyn, New York City, New York, USA",/name/nm0414499/,6.5,
tt0351599,Psalm III: 'Night of the Meek' (2002) ,Psalm III: 'Night of the Meek',2002,1,United States of America,Phil Solomon,Philip S. Solomon,1954-1-3,2019-4-20,"Manhattan, New York City, New York, USA",/name/nm0813409/,7.1,
tt0360504,Daylight Moon (2002) ,Daylight Moon,2002,1,,Lewis Klahr,Lewis Klahr,,,,/name/nm0458185/,8.9,
tt0282499,The Fourth Watch (2000) ,The Fourth Watch,2000,1,United States of America,Janie Geiser,Janie Geiser,1957-0-0,,"Baton Rouge, Louisiana, USA",/name/nm0312026/,7.2,
tt0765849,Unser täglich Brot (2005) ,Our Daily Bread,2005,1,Austria,Nikolaus Geyrhalter,Nikolaus Geyrhalter,1972-0-0,,"Vienna, Austria",/name/nm0315430/,7.6,8.6
tt3717068,Court (2014) ,Court,2014,1,,Chaitanya Tamhane,Chaitanya Tamhane,,,,/name/nm4058904/,7.7,8.3
tt1327035,Dev.D (2009) ,Dev D,2009,1,India,Anurag Kashyap,Anurag Kashyap,1972-9-10,,"Gorakhpur, Uttar Pradesh, India",/name/nm0440604/,8.0,
tt1620933,Paan Singh Tomar (2012) ,Paan Singh Tomar,2012,1,,Tigmanshu Dhulia,Tigmanshu Dhulia,,,,/name/nm0223606/,8.2,
tt1639426,Udaan (2010) ,Udaan,2010,1,India,Vikramaditya Motwane,Vikramaditya Motwane,1976-12-6,,"Bombay, India",/name/nm0003939/,8.2,
tt0411469,Hazaaron Khwaishein Aisi (2003) ,Hazaaron Khwaishein Aisi,2003,1,,Sudhir Mishra,Sudhir Mishra,,,,/name/nm0592803/,8.0,
tt0379370,Maqbool (2003) ,Maqbool,2003,2,,Vishal Bhardwaj,Vishal Bhardwaj,,,,/name/nm0080235/,8.2,
tt0169102,Lagaan: Once Upon a Time in India (2001) ,Lagaan: Once Upon a Time in India,2001,2,1964,Ashutosh Gowariker,Ashutosh Gowariker,1964-2-15,,1964,/name/nm0332950/,8.1,8.4
tt0239234,The Lady and the Duke (2001) ,The Lady and the Duke,2001,1,France,Éric Rohmer,Éric Rohmer,1920-4-4,2010-1-11,"Tulle, Corrèze, France",/name/nm0006445/,7.0,7.2
tt1693830,Ovsyanki (2010) ,Silent Souls,2010,2,USSR [now Russia],Aleksey Fedorchenko,Aleksey Fedorchenko,1966-9-29,,"Sol-Iletsk, Sol-Iletskiy rayon, Orenburgskaya oblast, RSFSR, USSR [now Russia]",/name/nm1922735/,6.7,7.6
tt0415978,Me and You and Everyone We Know (2005) ,Me and You and Everyone We Know,2005,1,United States of America,Miranda July,Miranda July,1974-2-15,,"Barre, Vermont, USA",/name/nm0432380/,7.3,7.6
tt2267998,Gone Girl (2014) ,Gone Girl,2014,1,United States of America,David Fincher,David Fincher,1962-8-28,,"Denver, Colorado, USA",/name/nm0000399/,8.1,7.9
tt1980209,Pain & Gain (2013) ,Pain & Gain,2013,1,United States of America,Michael Bay,Michael Bay,1965-2-17,,"Los Angeles, California, USA",/name/nm0000881/,6.4,
tt0783612,When the Levees Broke: A Requiem in Four Acts             ,When the Levees Broke: A Requiem in Four Acts,2006,1,,Spike Lee,Darleen Asevedo,,,,/name/nm2507206/,8.6,
tt2209418,Before Midnight (2013) ,Before Midnight,2013,2,United States of America,Richard Linklater,Richard Linklater,1960-7-30,,"Houston, Texas, USA",/name/nm0000500/,7.9,9.4
tt2334649,Fruitvale Station (2013) ,Fruitvale Station,2013,4,United States of America,Ryan Coogler,Ryan Coogler,1986-5-23,,"Oakland, California, USA",/name/nm3363032/,7.5,8.5
tt0393109,Brick (2005) ,Brick,2005,2,United States of America,Rian Johnson,Rian Johnson,1973-12-17,,"Silver Spring, Maryland, USA",/name/nm0426059/,7.4,7.2
tt3119416,Stray Dogs (2013) ,Stray Dogs,2013,1,Malaysia,Tsai Ming-liang,Ming-liang Tsai,1957-10-27,,"Kuching, Sarawak, Malaysia",/name/nm0158857/,7.0,8.4
tt0301978,Dah (2002) ,Ten,2002,4,Iran,Abbas Kiarostami,Abbas Kiarostami,1940-6-22,2016-7-4,"Tehran, Iran",/name/nm0452102/,7.5,8.6
tt2626926,Pardé (2013) ,Closed Curtain,2013,1,Iran,Jafar Panahi,Jafar Panahi,1960-7-11,,"Mianeh, Azarbaijan Province, Iran",/name/nm0070159/,6.6,8.1
tt3824458,Tangerine (2015) ,Tangerine,2015,1,United States of America,Sean Baker,Sean Baker,1971-0-0,,"New York City, New York, USA",/name/nm0048918/,7.1,8.5
tt0360845,Notre musique (2004) ,Notre musique,2004,1,France,Jean-Luc Godard,Jean-Luc Godard,1930-12-3,,"Paris, France",/name/nm0000419/,7.0,7.7
tt0374294,Triple agent (2004) ,Triple Agent,2004,1,France,Éric Rohmer,Éric Rohmer,1920-4-4,2010-1-11,"Tulle, Corrèze, France",/name/nm0006445/,6.4,
tt1205489,Gran Torino (2008) ,Gran Torino,2008,1,United States of America,Clint Eastwood,Clint Eastwood,1930-5-31,,"San Francisco, California, USA",/name/nm0000142/,8.1,7.2
tt3907156,Cavalo Dinheiro (2014) ,Horse Money,2014,1,Portugal,Pedro Costa,Pedro Costa,1958-12-30,,"Lisbon, Portugal",/name/nm0182276/,7.0,8.4
tt0453467,Deja Vu (2006) ,Déjà Vu,2006,1,United Kingdom,Tony Scott,Tony Scott,1944-6-21,2012-8-19,"North Shields, Northumberland, England, UK",/name/nm0001716/,7.1,
tt3265404,Sebunsu kôdo (2013) ,Seventh Code,2013,1,Japan,Kiyoshi Kurosawa,Kiyoshi Kurosawa,1955-7-19,,"Kobe, Japan",/name/nm0475905/,5.5,
tt1819513,Dreams of a Life (2011) ,Dreams of a Life,2011,1,United Kingdom,Carol Morley,Carol Morley,1966-1-14,,"Stockport, Greater Manchester, England, UK",/name/nm1345246/,6.8,6.2
tt0246765,Lumumba (2000) ,Lumumba,2000,1,Haiti,Raoul Peck,Raoul Peck,1953-0-0,,"Port-au-Prince, Haiti",/name/nm0669704/,7.2,7.8
tt0986233,Hunger (2008) ,Hunger,2008,1,United Kingdom,Steve McQueen,Steve McQueen,1969-10-9,,"London, England, UK",/name/nm2588606/,7.6,8.2
tt1211890,Middle of Nowhere (2012) ,Middle of Nowhere,2012,1,United States of America,Ava DuVernay,Ava DuVernay,1972-8-24,,"Long Beach, California, USA",/name/nm1148550/,6.4,7.5
tt0796366,Star Trek (2009) ,Star Trek,2009,1,United States of America,J. J. Abrams,J.J. Abrams,1966-6-27,,"New York City, New York, USA",/name/nm0009190/,8.0,8.2
tt0243017,Waking Life (2001) ,Waking Life,2001,2,United States of America,Richard Linklater,Richard Linklater,1960-7-30,,"Houston, Texas, USA",/name/nm0000500/,7.8,8.2
tt1191111,Enter the Void (2009) ,Enter the Void,2009,3,Argentina,Gaspar Noé,Gaspar Noé,1963-12-27,,"Buenos Aires, Argentina",/name/nm0637615/,7.3,6.9
tt1588337,Des hommes et des dieux (2010) ,Of Gods and Men,2010,1,France,Xavier Beauvois,Xavier Beauvois,1967-3-20,,"Auchel, Pas-de-Calais, France",/name/nm0064741/,7.2,8.6
tt0478160,Die große Stille (2005) ,Into Great Silence,2005,1,West Germany,Philip Gröning,Philip Gröning,1959-4-7,,"Düsseldorf, West Germany",/name/nm0344973/,7.4,7.8
tt1033575,The Descendants (2011) ,The Descendants,2011,1,United States of America,Alexander Payne,Alexander Payne,1961-2-10,,"Omaha, Nebraska, USA",/name/nm0668247/,7.3,8.4
tt2125435,Beasts of the Southern Wild (2012) ,Beasts of the Southern Wild,2012,2,United States of America,Benh Zeitlin,Benh Zeitlin,1982-10-14,,"Manhattan, New York, USA",/name/nm1022455/,7.3,8.6
tt0387808,Idiocracy (2006) ,Idiocracy,2006,2,Ecuador,Mike Judge,Mike Judge,1962-10-17,,"Guayaquil, Ecuador",/name/nm0431918/,6.6,6.6
tt0887912,The Hurt Locker (2008) ,The Hurt Locker,2008,6,United States of America,Kathryn Bigelow,Kathryn Bigelow,1951-11-27,,"San Carlos, California, USA",/name/nm0000941/,7.6,9.4
tt0465538,Michael Clayton (2007) ,Michael Clayton,2007,2,United States of America,Tony Gilroy,Tony Gilroy,1956-9-11,,"Manhattan, New York City, New York, USA",/name/nm0006904/,7.3,8.2
tt0416213,Sehnsucht (2006) ,Longing,2006,1,West Germany [now Germany],Valeska Grisebach,Valeska Grisebach,1968-1-4,,"Bremen, West Germany [now Germany]",/name/nm1007136/,6.6,6.2
tt1720261,The External World (2010) ,The External World,2010,1,Ireland,David O'Reilly,David O'Reilly,1985-6-21,,"Kilkenny, Ireland",/name/nm2419195/,7.5,
tt4048272,Toni Erdmann (2016) ,Toni Erdmann,2016,6,Germany,Maren Ade,Maren Ade,1976-12-12,,"Karlsruhe, Baden-Württemberg, Germany",/name/nm0011752/,7.4,9.3
tt0258885,Zhantai (2000) ,Platform,2000,3,China,Jia Zhangke,Zhangke Jia,1970-5-24,,"Fenyang, Shanxi, China",/name/nm0422605/,7.5,7.6
tt0300270,The Holy Girl (2004) ,The Holy Girl,2004,1,Argentina,Lucrecia Martel,Lucrecia Martel,1966-12-14,,"Salta, Argentina",/name/nm0551506/,6.7,7.5
tt0245574,Y Tu Mamá También (2001) ,Y Tu Mamá También,2001,3,Mexico,Alfonso Cuarón,Alfonso Cuarón,1961-11-28,,"Mexico City, Distrito Federal, Mexico",/name/nm0190859/,7.7,8.8
tt0970179,Hugo (2011) ,Hugo,2011,1,United States of America,Martin Scorsese,Martin Scorsese,1942-11-17,,"Queens, New York City, New York, USA",/name/nm0000217/,7.5,8.3
tt0180073,Quills (2000) ,Quills,2000,1,United States of America,Philip Kaufman,Philip Kaufman,1936-10-23,,"Chicago, Illinois, USA",/name/nm0442241/,7.3,7.0
tt1673697,The Sapphires (2012) ,The Sapphires,2012,1,Australia,Wayne Blair,Wayne Blair,1971-11-28,,"Taree, New South Wales, Australia",/name/nm0992370/,7.0,6.7
tt1772424,Et maintenant on va où? (2011) ,Where Do We Go Now?,2011,1,Lebanon,Nadine Labaki,Nadine Labaki,1974-2-18,,"Beirut, Lebanon",/name/nm1701024/,7.5,
tt1077262,Ajami (2009) ,Ajami,2009,1,Israel,Scandar Copti and Yaron Shani,Scandar Copti,1975-0-0,,"Jaffa, Tel Aviv, Israel",/name/nm2738713/,7.3,8.2
tt0211915,Amélie (2001) ,Amélie,2001,5,France,Jean-Pierre Jeunet,Jean-Pierre Jeunet,1953-9-3,,"Roanne, Loire, Rhône-Alpes, France",/name/nm0000466/,8.3,6.9
tt0499549,Avatar (2009) ,Avatar,2009,2,Canada,James Cameron,James Cameron,1954-8-16,,"Kapuskasing, Ontario, Canada",/name/nm0000116/,7.8,8.3
tt3125472,Gui lai (2014) ,Coming Home,2014,1,China,Zhang Yimou,Yimou Zhang,1951-11-14,,"Xi'an, Shaanxi, China",/name/nm0955443/,7.3,8.1
tt1125849,The Wrestler (2008) ,The Wrestler,2008,2,United States of America,Darren Aronofsky,Darren Aronofsky,1969-2-12,,"Brooklyn, New York City, New York, USA",/name/nm0004716/,7.9,8.1
tt5170434,The Great Beauty (2015) ,The Great Beauty,2013,6,,Paolo Sorrentino,Justyna Michalska,,,,/name/nm7703103/,,
tt3032282,Eden (2014) ,Eden,2014,2,,Mia Hansen-Løve,Shyam Madiraju,,,,/name/nm4357206/,4.7,
tt0162346,Ghost World (2001) ,Ghost World,2001,2,United States of America,Terry Zwigoff,Terry Zwigoff,1949-5-18,,"Appleton, Wisconsin, USA",/name/nm0959062/,7.4,8.8
tt1152850,Wendy and Lucy (2008) ,Wendy and Lucy,2008,2,,Kelly Reichardt,Kelly Reichardt,,,,/name/nm0716980/,7.1,8.0
tt1204773,Alle Anderen (2009) ,Everyone Else,2009,1,Germany,Maren Ade,Maren Ade,1976-12-12,,"Karlsruhe, Baden-Württemberg, Germany",/name/nm0011752/,6.7,7.1
tt0283283,Millennium Mambo (2001) ,Millennium Mambo,2001,2,China,Hou Hsiao-hsien,Hsiao-Hsien Hou,1947-4-8,,"Meixian, Guangdong, China",/name/nm0396284/,7.1,7.3
tt4048050,Trois souvenirs de ma jeunesse (2015) ,My Golden Days,2015,1,France,Arnaud Desplechin,Arnaud Desplechin,1960-10-31,,"Roubaix, Nord, France",/name/nm0221611/,6.8,8.7
tt1321865,Carlos             ,Carlos,2010,3,Venezuela,Olivier Assayas,Edgar Ramírez,1977-3-25,,"Caracas, Venezuela",/name/nm1183149/,7.7,9.4
tt0443844,Les amants réguliers (2005) ,Regular Lovers,2005,1,France,Philippe Garrel,Philippe Garrel,1948-4-6,,"Paris, France",/name/nm0308042/,7.0,7.6
tt0365398,Les jours où je n'existe pas (2002) ,The Days When I Do Not Exist,2002,1,France,Jean-Charles Fitoussi,Jean-Charles Fitoussi,1970-6-1,,"Tours, France",/name/nm0280083/,6.8,
tt2764784,Phoenix (2014) ,Phoenix,2014,3,Germany,Christian Petzold,Christian Petzold,1960-9-14,,"Hilden, North Rhine-Westphalia, Germany",/name/nm0678857/,7.3,8.9
tt0262240,As I Was Moving Ahead Occasionally I Saw Brief Glimpses of Beauty (2000) ,As I Was Moving Ahead Occasionally I Saw Brief Glimpses of Beauty,2000,1,Lithuania,Jonas Mekas,Jonas Mekas,1922-12-24,2019-1-23,"Semeniskiai, Lithuania",/name/nm0577263/,8.4,
tt1045658,Silver Linings Playbook (2012) ,Silver Linings Playbook,2012,3,United States of America,David O. Russell,David O. Russell,1958-8-20,,"Manhattan, New York City, New York, USA",/name/nm0751102/,7.7,8.1
tt1655442,The Artist (2011) ,The Artist,2011,4,France,Michel Hazanavicius,Michel Hazanavicius,1967-3-29,,"Paris, France",/name/nm0371890/,7.9,8.9
tt0383694,Vera Drake (2004) ,Vera Drake,2004,2,United Kingdom,Mike Leigh,Mike Leigh,1943-2-20,,"Salford, Greater Manchester, England, UK",/name/nm0005139/,7.7,8.3
tt2305051,Wild (2014) ,Wild,2014,1,Canada,Jean-Marc Vallée,Jean-Marc Vallée,1963-3-9,,"Montreal, Quebec, Canada",/name/nm0885249/,7.2,7.6
tt3170902,Theeb (2014) ,Theeb,2014,1,,Naji Abou Nowar,Naji Abu Nowar,,,,/name/nm3578681/,7.2,8.0
tt0259072,Zamani barayé masti asbha (2000) ,A Time for Drunken Horses,2000,1,Iran,Bahman Ghobadi,Bahman Ghobadi,1969-2-1,,"Baneh, Iran",/name/nm0315842/,7.7,7.8
tt1155592,Man on Wire (2008) ,Man on Wire,2008,3,United Kingdom,James Marsch,James Marsh,1963-4-30,,"Truro, Cornwall, England, UK",/name/nm1016428/,7.8,8.9
tt0444182,Days of Glory (2006) ,Days of Glory,2006,2,France,Rachid Bouchareb,Rachid Bouchareb,1959-9-1,,"Paris, France",/name/nm0098953/,7.1,8.2
tt4035268,Cosmos (2015) ,Cosmos,2015,1,Ukraine],Andrzej Zulawski,Andrzej Zulawski,1940-11-22,2016-2-17,"Lwów, Lwowskie, Poland [now Lviv, Ukraine]",/name/nm0958558/,5.9,7.2
tt0892255,Che: Part One (2008) ,Che,2008,2,United States of America,Steven Soderbergh,Steven Soderbergh,1963-1-14,,"Atlanta, Georgia, USA",/name/nm0001752/,7.2,
tt0422491,L'intrus (2004) ,The Intruder,2004,2,France,Claire Denis,Claire Denis,1946-4-21,,"Paris, France",/name/nm0219136/,6.9,8.5
tt0300214,Morvern Callar (2002) ,Morvern Callar,2002,2,United Kingdom,Lynne Ramsay,Lynne Ramsay,1969-12-5,,"Glasgow, Strathclyde, Scotland, UK",/name/nm0708903/,6.8,7.8
tt0255094,Dayereh (2000) ,The Circle,2000,2,Iran,Jafar Panahi,Jafar Panahi,1960-7-11,,"Mianeh, Azarbaijan Province, Iran",/name/nm0070159/,7.5,8.5
tt0275491,Bad Education (2004) ,Bad Education,2005,2,Spain,Pedro Almodóvar,Pedro Almodóvar,1949-9-25,,"Calzada de Calatrava, Ciudad Real, Castilla-La Mancha, Spain",/name/nm0000264/,7.5,8.1
tt2053425,Rust and Bone (2012) ,Rust and Bone,2012,1,France,Jacques Audiard,Jacques Audiard,1952-4-30,,"Paris, France",/name/nm0002191/,7.5,7.3
tt0354356,5x2 (2004) ,5x2,2004,1,France,François Ozon,François Ozon,1967-11-15,,"Paris, France",/name/nm0654830/,6.7,6.2
tt2758880,Kis Uykusu (2014) ,Winter Sleep,2014,3,Turkey,Nuri Bilge Ceylan,Nuri Bilge Ceylan,1959-1-26,,"Istanbul, Turkey",/name/nm0149196/,8.2,8.8
tt1116184,Jackass 3D (2010) ,Jackass 3D,2010,1,,Jeff Tremaine,Jeff Tremaine,,,,/name/nm0871860/,7.0,
tt0269746,Ni na bian ji dian (2001) ,What Time Is It There?,2001,1,Malaysia,Tsai Ming-liang,Ming-liang Tsai,1957-10-27,,"Kuching, Sarawak, Malaysia",/name/nm0158857/,7.4,7.9
tt1821549,Nebraska (2013) ,Nebraska,2013,3,United States of America,Alexander Payne,Alexander Payne,1961-2-10,,"Omaha, Nebraska, USA",/name/nm0668247/,7.7,8.6
tt0318411,The Magdalene Sisters (2002) ,The Magdalene Sisters,2002,1,United Kingdom,Peter Mullan,Peter Mullan,1959-11-2,,"Peterhead, Scotland, UK",/name/nm0611932/,7.8,8.3
tt1356928,Father of My Children (2009) ,Father of My Children,2009,1,France,Mia Hansen-Løve,Mia Hansen-Løve,1981-2-5,,"Paris, France",/name/nm0361135/,6.7,7.6
tt0398883,Le conseguenze dell'amore (2004) ,The Consequences of Love,2004,1,Italy,Paolo Sorrentino,Paolo Sorrentino,1970-5-31,,"Naples, Campania, Italy",/name/nm0815204/,7.6,
tt0836700,Summer Hours (2008) ,Summer Hours,2008,1,France,Olivier Assayas,Olivier Assayas,1955-1-25,,"Paris, France",/name/nm0000801/,7.2,8.5
tt0243655,Wet Hot American Summer (2001) ,Wet Hot American Summer,2001,1,United States of America,David Wain,David Wain,1969-8-1,,"Shaker Heights, Ohio, USA",/name/nm0906476/,6.7,
tt0162222,Cast Away (2000) ,Cast Away,2000,1,United States of America,Robert Zemeckis,Robert Zemeckis,1951-5-14,,"Chicago, Illinois, USA",/name/nm0000709/,7.8,7.3
tt0412596,Café Lumière (2003) ,Café Lumière,2003,2,China,Hou Hsiao-hsien,Hsiao-Hsien Hou,1947-4-8,,"Meixian, Guangdong, China",/name/nm0396284/,7.0,8.0
tt0291350,Millennium Actress (2001) ,Millennium Actress,2001,1,Japan,Satoshi Kon,Satoshi Kon,1963-10-12,2010-8-24,"Sapporo, Hokkaido, Japan",/name/nm0464804/,7.9,7.0
tt0395169,Hotel Rwanda (2004) ,Hotel Rwanda,2004,1,United Kingdom,Terry George,Terry George,1952-12-20,,"Belfast, Northern Ireland, UK",/name/nm0313623/,8.1,7.9
tt0337876,Birth (2004) ,Birth,2004,2,United Kingdom,Jonathan Glazer,Jonathan Glazer,1965-3-26,,"London, England, UK",/name/nm0322242/,6.1,
tt0841925,Silent Light (2007) ,Silent Light,2007,1,Mexico,Carlos Reygadas,Carlos Reygadas,1971-10-10,,"Mexico City, Distrito Federal, Mexico",/name/nm1196161/,7.3,7.9
tt1399683,Winter's Bone (2010) ,Winter's Bone,2010,1,United States of America,Debra Granik,Debra Granik,1963-2-6,,"Cambridge, Massachusetts, USA",/name/nm0335138/,7.2,9.0
tt1182345,Moon (2009) ,Moon,2009,1,United Kingdom,Duncan Jones,Duncan Jones,1971-5-30,,"Bromley, Kent, England, UK",/name/nm1512910/,7.9,6.7
tt0216787,The Taste of Others (2000) ,The Taste of Others,2000,1,France,Agnès Jaoui,Agnès Jaoui,1964-10-19,,"Antony, Hauts-de-Seine, France",/name/nm0418450/,7.3,7.8
tt0443680,The Assassination of Jesse James by the Coward Robert Ford (2007) ,The Assassination of Jesse James by the Coward Robert Ford,2007,3,New Zealand,Andrew Dominik,Andrew Dominik,1967-10-7,,"Wellington, New Zealand",/name/nm0231596/,7.5,6.8
tt0120737,The Lord of the Rings: The Fellowship of the Ring (2001) ,The Lord of the Rings: The Fellowship of the Ring,2001,2,New Zealand,Peter Jackson,Peter Jackson,1961-10-31,,"Pukerua Bay, North Island, New Zealand",/name/nm0001392/,8.8,9.2
tt0976145,Making Of (2006) ,Making Of,2006,1,,Nouri Bouzid,Nouri Bouzid,,,,/name/nm0100525/,6.9,
tt0385004,House of Flying Daggers (2004) ,House of Flying Daggers,2004,1,China,Zhang Yimou,Yimou Zhang,1951-11-14,,"Xi'an, Shaanxi, China",/name/nm0955443/,7.6,8.9
tt3677896,Miners Shot Down (2014) ,Miners Shot Down,2014,1,,Rehad Desai,Rehad Desai,,,,/name/nm2390834/,8.0,
tt1764141,678 (2010) ,678,2010,1,,Mohamed Diab,Mohamed Diab,,,,/name/nm2559996/,7.5,
tt0215841,Hijack Stories (2000) ,Hijack Stories,2000,1,South Africa,Oliver Schmitz,Oliver Schmitz,1960-0-0,,"Cape Town, South Africa",/name/nm0005628/,6.6,
tt1895587,Spotlight (2015) ,Spotlight,2015,4,United States of America,Tom McCarthy,Tom McCarthy,1966-6-7,,"New Providence, New Jersey, USA",/name/nm0565336/,8.1,9.3
tt1669696,The Gatekeepers (2009) ,The Gatekeepers,2012,1,United States of America,Dror Moreh,Michael Felsher,1973-5-24,,"Fullerton, California, USA",/name/nm1361386/,,
tt0203119,Sexy Beast (2000) ,Sexy Beast,2000,2,United Kingdom,Jonathan Glazer,Jonathan Glazer,1965-3-26,,"London, England, UK",/name/nm0322242/,7.3,7.9
tt0357413,Anchorman: The Legend of Ron Burgundy (2004) ,Anchorman: The Legend of Ron Burgundy,2004,1,United States of America,Adam McKay,Adam McKay,1968-4-17,,"Philadelphia, Pennsylvania, USA",/name/nm0570912/,7.2,6.3
tt0379357,Los Angeles Plays Itself (2003) ,Los Angeles Plays Itself,2003,1,United States of America,Thom Andersen,Thom Andersen,1943-0-0,,"Chicago, Illinois, USA",/name/nm0026263/,8.0,8.6
tt0479884,Crank (2006) ,Crank,2006,1,United States of America,Mark Neveldine and Brian Taylor,Mark Neveldine,1973-5-11,,"Watertown, New York, USA",/name/nm0004410/,7.0,
tt0386862,Der Wald vor lauter Bäumen (2003) ,The Forest for the Trees,2003,1,Germany,Maren Ade,Maren Ade,1976-12-12,,"Karlsruhe, Baden-Württemberg, Germany",/name/nm0011752/,7.3,
tt0430357,Miami Vice (2006) ,Miami Vice,2006,1,United States of America,Michael Mann,Michael Mann,1943-2-5,,"Chicago, Illinois, USA",/name/nm0000520/,6.0,6.5
tt0835787,Haebyeonui yeoin (2006) ,Woman on the Beach,2006,1,North Korea,Hong Sang-soo,Sang-soo Hong,1960-10-25,,"Seoul, Korea",/name/nm0393254/,7.0,7.2
tt1556190,Nostalgia de la luz (2010) ,Nostalgia for the Light,2010,4,Chile,Patricio Guzmán,Patricio Guzmán,1941-8-11,,"Santiago, Chile",/name/nm0350099/,7.6,9.1
tt0304808,Ten Minutes Older: The Trumpet (2002) ,Lifeline,2002,1,China,Víctor Erice,Kaige Chen,1952-8-12,,"Beijing, China",/name/nm0155280/,7.3,
tt0373074,Kung Fu Hustle (2004) ,Kung Fu Hustle,2004,1,China,Stephen Chow,Stephen Chow,1962-6-22,,Hong Kong,/name/nm0159507/,7.8,7.8
tt0493428,Instructions for a Light and Sound Machine (2005) ,Instructions for a Light and Sound Machine,2005,1,Austria,Peter Tscherkassky,Peter Tscherkassky,1958-10-3,,"Vienna, Austria",/name/nm0874787/,6.7,
tt1270702,Un lac (2008) ,Un lac,2008,1,France,Philippe Grandrieux,Philippe Grandrieux,1954-0-0,,"Saint-Étienne, Loire, Rhône-Alpes, France",/name/nm0334930/,6.6,
tt1701990,Detention (2011) ,Detention,2011,1,1972,Joseph Kahn,Joseph Kahn,1972-10-12,,1972,/name/nm0994538/,5.8,
tt2050453,A Woman's Revenge (2012) ,A Vingança de Uma Mulher,2012,1,,Rita Azevedo Gomes,Rita Azevedo Gomes,,,,/name/nm0326946/,6.1,
tt0292963,Before the Devil Knows You're Dead (2007) ,Before the Devil Knows You're Dead,2007,1,United States of America,Sidney Lumet,Sidney Lumet,1924-6-25,2011-4-9,"Philadelphia, Pennsylvania, USA",/name/nm0001486/,7.3,8.4
tt0416320,Match Point (2005) ,Match Point,2005,1,United States of America,Woody Allen,Woody Allen,1935-12-1,,"Brooklyn, New York City, New York, USA",/name/nm0000095/,7.6,7.2
tt4881016,No Home Movie (2015) ,No Home Movie,2015,1,Belgium,Chantal Akerman,Chantal Akerman,1950-6-6,2015-10-5,"Brussels, Belgium",/name/nm0001901/,6.6,7.8
tt0823240,Les amours d'Astrée et de Céladon (2007) ,The Romance of Astrea and Celadon,2009,1,France,Éric Rohmer,Éric Rohmer,1920-4-4,2010-1-11,"Tulle, Corrèze, France",/name/nm0006445/,6.4,
tt1282153,O Estranho Caso de Angélica (2010) ,The Strange Case of Angelica,2010,1,Portugal,Manoel de Oliveira,Manoel de Oliveira,1908-12-11,2015-4-2,"Oporto, Portugal",/name/nm0210701/,6.3,7.5
tt0409285,Michelangelo Eye to Eye (2004) ,Michelangelo Eye to Eye,2004,1,Italy,Michelangelo Antonioni,Michelangelo Antonioni,1912-9-29,2007-7-30,"Ferrara, Emilia-Romagna, Italy",/name/nm0000774/,6.9,
tt1065628,Warming by the Devil's Fire             ,Warming by the Devil's Fire,2003,1,United States of America,Charles Burnett,Charles Burnett,1944-4-13,,"Vicksburg, Mississippi, USA",/name/nm0122344/,7.0,
tt1182350,You Will Meet a Tall Dark Stranger (2010) ,You Will Meet a Tall Dark Stranger,2010,1,United States of America,Woody Allen,Woody Allen,1935-12-1,,"Brooklyn, New York City, New York, USA",/name/nm0000095/,6.3,
tt3460252,The Hateful Eight (2015) ,The Hateful Eight,2015,1,United States of America,Quentin Tarantino,Quentin Tarantino,1963-3-27,,"Knoxville, Tennessee, USA",/name/nm0000233/,7.8,6.8
tt0248845,Hedwig and the Angry Inch (2001) ,Hedwig and the Angry Inch,2001,1,United States of America,John Cameron Mitchell,John Cameron Mitchell,1963-4-21,,"El Paso, Texas, USA",/name/nm0593463/,7.8,8.5
tt0266308,Battle Royale (2000) ,Battle Royale,2000,1,Japan,Kinji Fukasaku,Kinji Fukasaku,1930-7-3,2003-1-12,"Mito, Japan",/name/nm0297935/,7.7,8.1
tt1095217,Bad Lieutenant: Port of Call New Orleans (2009) ,Bad Lieutenant: Port of Call New Orleans,2009,1,Germany,Werner Herzog,Werner Herzog,1942-9-5,,"Munich, Bavaria, Germany",/name/nm0001348/,6.6,6.9
tt3455822,Night Will Fall (2014) ,Night Will Fall,2014,1,,André Singer,André Singer,,,,/name/nm0801885/,8.0,8.5
tt3464902,The Lobster (2015) ,The Lobster,2015,1,Greece,Yorgos Lanthimos,Yorgos Lanthimos,1973-0-0,,"Athens, Greece",/name/nm0487166/,7.1,8.2
tt0218839,Best in Show (2000) ,Best in Show,2000,1,United States of America,Christopher Guest,Christopher Guest,1948-2-5,,"New York City, New York, USA",/name/nm0001302/,7.5,7.8
tt1360860,Darbareye Elly (2009) ,About Elly,2009,3,Iran,Asghar Farhadi,Asghar Farhadi,1972-5-7,,"Khomeyni Shahr, Isfahan, Iran",/name/nm1410815/,8.0,8.7
tt0301357,Good Bye Lenin! (2003) ,Good Bye Lenin!,2003,2,Germany,Wolfgang Becker,Wolfgang Becker,1954-6-22,,"Hemer, North Rhine-Westphalia, Germany",/name/nm0065615/,7.7,6.8
tt0765432,The Baader Meinhof Complex (2008) ,The Baader Meinhof Complex,2008,1,Germany,Uli Edel,Uli Edel,1947-4-11,,"Neuenburg am Rhein, Germany",/name/nm0248942/,7.4,7.6
tt1853728,Django Unchained (2012) ,Django Unchained,2012,1,United States of America,Quentin Tarantino,Quentin Tarantino,1963-3-27,,"Knoxville, Tennessee, USA",/name/nm0000233/,8.4,8.1
tt0426883,Alpha Dog (2006) ,Alpha Dog,2006,1,United States of America,Nick Cassavetes,Nick Cassavetes,1959-5-21,,"New York City, New York, USA",/name/nm0001024/,6.9,
tt1625346,Young Adult (2011) ,Young Adult,2011,1,Canada,Jason Reitman,Jason Reitman,1977-10-19,,"Montreal, Quebec, Canada",/name/nm0718646/,6.3,7.1
tt0942385,Tropic Thunder (2008) ,Tropic Thunder,2008,2,United States of America,Ben Stiller,Ben Stiller,1965-11-30,,"New York City, New York, USA",/name/nm0001774/,7.0,7.1
tt0301199,Dirty Pretty Things (2002) ,Dirty Pretty Things,2002,1,United Kingdom,Stephen Frears,Stephen Frears,1941-6-20,,"Leicester, Leicestershire, England, UK",/name/nm0001241/,7.4,7.8
tt1966604,The Imposter (2012) ,The Imposter,2012,1,,Bart Layton,Bart Layton,,,,/name/nm1717925/,7.5,7.7
tt2062469,A Girl Walks Home Alone at Night (2011) ,A Girl Walks Home Alone at Night,2014,1,United Kingdom,Ana Lily Amirpour,Ana Lily Amirpour,1976-7-25,,"Margate, Kent, England, UK",/name/nm3235877/,6.1,
tt2494362,Bone Tomahawk (2015) ,Bone Tomahawk,2015,1,United States of America,S. Craig Zahler,S. Craig Zahler,1973-0-0,,"Miami, Florida, USA",/name/nm0951975/,7.1,7.2
tt0436697,The Queen (2006) ,The Queen,2006,1,United Kingdom,Stephen Frears,Stephen Frears,1941-6-20,,"Leicester, Leicestershire, England, UK",/name/nm0001241/,7.3,9.1
tt0498097,Iklimler (2006) ,Climates,2006,1,Turkey,Nuri Bilge Ceylan,Nuri Bilge Ceylan,1959-1-26,,"Istanbul, Turkey",/name/nm0149196/,7.2,7.2
tt1095488,Poetry (2007) ,Poetry,2010,1,,Lee Chang-dong,Sian Davies,,,,/name/nm2531791/,3.8,
tt2258281,Beyond the Hills (2012) ,Beyond the Hills,2012,1,Romania,Cristian Mungiu,Cristian Mungiu,1968-4-27,,"Iasi, Romania",/name/nm0612816/,7.6,7.9
tt2261217,All Divided Selves (2011) ,All Divided Selves,2011,1,,Luke Fowler,Luke Fowler,,,,/name/nm4917815/,6.6,
tt0320193,Oasis (2002) ,Oasis,2002,1,South Korea,Lee Chang-dong,Chang-dong Lee,1954-4-1,,"Daegu, South Korea",/name/nm0496969/,8.0,7.9
tt0200720,The House of Mirth (2000) ,The House of Mirth,2000,1,United Kingdom,Terence Davies,Terence Davies,1945-11-10,,"Liverpool, England, UK",/name/nm0203993/,7.1,7.8
tt2692904,Locke (2013) ,Locke,2013,1,United Kingdom,Steven Knight,Steven Knight,1959-0-0,,"Marlborough, England, UK",/name/nm1140275/,7.1,8.1
tt1127715,Sin Nombre (2009) ,Sin Nombre,2009,1,United States of America,Cary Joji Fukunaga,Cary Joji Fukunaga,1977-7-10,,"Oakland, California, USA",/name/nm1560977/,7.6,7.7
tt0449467,Babel (2006) ,Babel,2006,1,Mexico,Alejandro González Iñárritu,Alejandro G. Iñárritu,1963-8-15,,"Mexico City, Distrito Federal, Mexico",/name/nm0327944/,7.5,6.9
tt4881172,The Sky Trembles and the Earth Is Afraid and the Two Eyes Are Not Brothers (2015) ,The Sky Trembles and the Earth Is Afraid and the Two Eyes Are Not Brothers,2015,1,,Ben Rivers,Ben Rivers,,,,/name/nm4234237/,6.1,
tt3303310,Mula sa kung ano ang noon (2014) ,From What Is Before,2014,1,Philippines,Lav Diaz,Lav Diaz,1958-12-30,,"Datu Paglas, Maguindanao, Mindanao, Philippines",/name/nm0225010/,7.8,8.8
tt2188860,Bella e perduta (2015) ,Lost and Beautiful,2015,1,Italy,Pietro Marcello,Pietro Marcello,1976-7-2,,"Caserta, Campania, Italy",/name/nm2754122/,6.7,
tt0216605,La captive (2000) ,The Captive,2000,1,Belgium,Chantal Akerman,Chantal Akerman,1950-6-6,2015-10-5,"Brussels, Belgium",/name/nm0001901/,5.9,
tt0138946,The Yards (2000) ,The Yards,2000,1,United States of America,James Gray,James Gray,1969-4-14,,"New York City, New York, USA",/name/nm0336695/,6.4,
tt0363060,Sharasôju (2003) ,Shara,2003,1,Japan,Naomi Kawase,Naomi Kawase,1969-5-30,,"Nara, Japan",/name/nm0442905/,7.7,
tt1756851,Twixt (2011) ,Twixt,2011,1,United States of America,Francis Ford Coppola,Francis Ford Coppola,1939-4-7,,"Detroit, Michigan, USA",/name/nm0000338/,4.8,
tt1424361,Morrer Como Um Homem (2009) ,To Die Like a Man,2009,1,Portugal,João Pedro Rodrigues,João Pedro Rodrigues,1966-0-0,,"Lisbon, Portugal",/name/nm0735134/,5.9,6.8
tt1700844,The Deep Blue Sea (2011) ,The Deep Blue Sea,2011,2,United Kingdom,Terence Davies,Terence Davies,1945-11-10,,"Liverpool, England, UK",/name/nm0203993/,6.3,8.2
tt1172203,Sita Sings the Blues (2008) ,Sita Sings the Blues,2008,1,United States of America,Nina Paley,Nina Paley,1968-5-3,,"Champaign, Illinois, USA",/name/nm1315434/,7.6,9.3
tt0496406,L'étrangère (2006) ,Take This Waltz,2011,1,,Sarah Polley,Florence Colombani,,,,/name/nm2144340/,7.0,
tt0286499,Bend It Like Beckham (2002) ,Bend It Like Beckham,2002,1,Kenya,Gurinder Chadha,Gurinder Chadha,1960-1-10,,"Nairobi, Kenya",/name/nm0149446/,6.7,6.6
tt0433416,The Namesake (2006) ,The Namesake,2006,1,India,Mira Nair,Mira Nair,1957-10-15,,"Bhubaneshwar, Orissa, India",/name/nm0619762/,7.5,8.2
tt0445620,Paradise Now (2005) ,Paradise Now,2005,2,Israel,Hany Abu-Assad,Hany Abu-Assad,1961-10-11,,"Nazareth, Israel",/name/nm0009463/,7.5,7.1
tt0959337,Revolutionary Road (2008) ,Revolutionary Road,2008,1,United Kingdom,Sam Mendes,Sam Mendes,1965-8-1,,"Reading, Berkshire, England, UK",/name/nm0005222/,7.3,6.9
tt0411270,The Beat That My Heart Skipped (2005) ,The Beat That My Heart Skipped,2005,1,France,Jacques Audiard,Jacques Audiard,1952-4-30,,"Paris, France",/name/nm0002191/,7.3,7.5
tt0880502,The Edge of Heaven (2007) ,The Edge of Heaven,2007,1,West Germany,Fatih Akin,Fatih Akin,1973-8-25,,"Hamburg, West Germany",/name/nm0015359/,7.8,8.5
tt1255953,Incendies (2010) ,Incendies,2010,1,Canada,Denis Villeneuve,Denis Villeneuve,1967-10-3,,"Trois-Rivières, Québec, Canada",/name/nm0898288/,8.3,8.0
tt1925421,Elena (2011) ,Elena,2011,1,USSR [now Russia],Andrey Zvyagintsev,Andrey Zvyagintsev,1964-2-6,,"Novosibirsk, Novosibirskaya oblast, RSFSR, USSR [now Russia]",/name/nm1168657/,7.3,8.7
tt0311113,Master and Commander: The Far Side of the World (2003) ,Master and Commander: The Far Side of the World,2003,1,Australia,Peter Weir,Peter Weir,1944-8-21,,"Sydney, New South Wales, Australia",/name/nm0001837/,7.4,8.1
tt0482571,The Prestige (2006) ,The Prestige,2006,1,United Kingdom,Christopher Nolan,Christopher Nolan,1970-7-30,,"London, England, UK",/name/nm0634240/,8.5,6.6
tt1865505,Song of the Sea (2014) ,Song of the Sea,2014,1,United Kingdom,Tomm Moore,Tomm Moore,1977-1-7,,"Newry, Northern Ireland, UK",/name/nm1119079/,8.1,8.5
tt1623008,The Arbor (2010) ,The Arbor,2010,1,,Clio Barnard,Clio Barnard,,,,/name/nm1163237/,7.2,8.8
tt2008009,The Clock (2010) ,The Clock,2010,1,,Christian Marclay,Christian Marclay,,,,/name/nm3827692/,8.9,
tt0340855,Monster (2003) ,Monster,2003,1,United States of America,Patty Jenkins,Patty Jenkins,1971-7-24,,"George Air Force Base, Victorville, California, USA",/name/nm0420941/,7.3,7.4
tt0463936,Caramel (2005) ,Caramel,2007,1,Papua New Guinea,Nadine Labaki,Henri Duparc,1941-12-23,2006-4-18,"Forecariah, Guinea",/name/nm0243143/,6.5,
tt0419198,La tigre e la neve (2005) ,The Tiger and the Snow,2005,1,Italy,Roberto Benigni,Roberto Benigni,1952-10-27,,"Manciano La Misericordia, Castiglion Fiorentino, Tuscany, Italy",/name/nm0000905/,7.1,
tt4359416,Taxi (2015) ,Taxi Tehran,2015,1,Iran,Jafar Panahi,Jafar Panahi,1960-7-11,,"Mianeh, Azarbaijan Province, Iran",/name/nm0070159/,7.3,9.1
tt2841572,Dancing Arabs (2014) ,A Borrowed Identity,2014,1,Israel,Eran Riklis,Eran Riklis,1954-10-2,,"Beersheba, Israel",/name/nm0726954/,7.3,7.3
tt2853250,When I Saw You (2013) ,When I Saw You,2012,1,Canada,Annemarie Jacir,Jane Hancock,1988-4-27,,"Calgary, Alberta, Canada",/name/nm0359375/,,
tt2891174,99 Homes (2014) ,99 Homes,2014,1,United States of America,Ramin Bahrani,Ramin Bahrani,1975-3-20,,"North Carolina, USA",/name/nm1023919/,7.1,7.6
tt3327994,Human (2015) ,Human,2015,1,France,Yann Arthus-Bertrand,Yann Arthus-Bertrand,1946-3-13,,"Paris, France",/name/nm0037867/,8.7,
tt0780504,Drive (2011) ,Drive,2011,2,Denmark,Nicolas Winding Refn,Nicolas Winding Refn,1970-9-29,,"Copenhagen, Denmark",/name/nm0716347/,7.8,7.8
tt0338564,Infernal Affairs (2002) ,Infernal Affairs,2002,2,China,Andrew Lau and Alan Mak,Andrew Lau Wai-Keung,1960-4-4,,Hong Kong,/name/nm0490487/,8.1,7.5
tt0126029,Shrek (2001) ,Shrek,2001,1,New Zealand,Andrew Adamson and Vicky Jenson,Andrew Adamson,1966-12-1,,"Auckland, New Zealand",/name/nm0011470/,7.9,8.4
tt1037163,The Time That Remains (2009) ,The Time That Remains,2009,1,Israel,Elia Suleiman,Elia Suleiman,1960-7-28,,"Nazareth, Israel",/name/nm0837839/,7.1,7.4
tt0303792,Sunduq al-dunyâ (2002) ,The Box of Life,2002,1,Syria,Ossama Mohammed,Ossama Mohammed,1954-3-21,,"Lattakia, Syria",/name/nm0611256/,6.8,
tt0499335,Kargaran mashghoole karand (2006) ,Men at Work,2006,1,,Mani Haghighi,Mani Haghighi,,,,/name/nm2155679/,6.6,
tt0459666,Zui hao de shi guang (2005) ,Three Times,2005,1,China,Hou Hsiao-hsien,Hsiao-Hsien Hou,1947-4-8,,"Meixian, Guangdong, China",/name/nm0396284/,7.0,8.0
tt0407887,The Departed (2006) ,The Departed,2006,2,United States of America,Martin Scorsese,Martin Scorsese,1942-11-17,,"Queens, New York City, New York, USA",/name/nm0000217/,8.5,8.5
tt1532503,Beginners (2010) ,Beginners,2010,1,United States of America,Mike Mills,Mike Mills,1966-0-0,,"Berkeley, California, USA",/name/nm0590122/,7.2,8.1
tt2101383,Knight of Cups (2015) ,Knight of Cups,2015,1,United States of America,Terrence Malick,Terrence Malick,1943-11-30,,"Ottawa, Illinois, USA",/name/nm0000517/,5.7,
tt0831387,Godzilla (2014) ,Godzilla,2014,1,United Kingdom,Gareth Edwards,Gareth Edwards,1975-6-1,,"Nuneaton, Warwickshire, England, UK",/name/nm2284484/,6.4,6.2
tt0368745,Girlhood (2003) ,Girlhood,2014,1,,Céline Sciamma,Liz Garbus,,,,/name/nm0305017/,7.2,6.9
tt0372588,Team America: World Police (2004) ,Team America: World Police,2004,1,United States of America,Trey Parker,Trey Parker,1969-10-19,,"Conifer, Colorado, USA",/name/nm0005295/,7.2,6.4
tt1087578,Still Walking (2008) ,Still Walking,2008,3,Japan,Hirokazu Koreeda,Hirokazu Koreeda,1962-6-6,,"Tokyo, Japan",/name/nm0466153/,8.0,8.9
tt0838283,Step Brothers (2008) ,Step Brothers,2008,1,United States of America,Adam McKay,Adam McKay,1968-4-17,,"Philadelphia, Pennsylvania, USA",/name/nm0570912/,6.9,
tt0810784,Bright Star (2009) ,Bright Star,2009,1,New Zealand,Jane Campion,Jane Campion,1954-4-30,,"Wellington, New Zealand",/name/nm0001005/,7.0,8.1
tt0167260,The Lord of the Rings: The Return of the King (2003) ,The Lord of the Rings: The Return of the King,2003,1,New Zealand,Peter Jackson,Peter Jackson,1961-10-31,,"Pukerua Bay, North Island, New Zealand",/name/nm0001392/,8.9,9.4
tt1788391,Kill List (2011) ,Kill List,2011,1,United Kingdom,Ben Wheatley,Ben Wheatley,1972-5-0,,"Billericay, Essex, England, UK",/name/nm1296554/,6.4,6.7
tt0373469,Kiss Kiss Bang Bang (2005) ,Kiss Kiss Bang Bang,2005,1,United States of America,Shane Black,Shane Black,1961-12-16,,"Pittsburgh, Pennsylvania, USA",/name/nm0000948/,7.6,7.2
tt0310793,Bowling for Columbine (2002) ,Bowling for Columbine,2002,2,United States of America,Michael Moore,Michael Moore,1954-4-23,,"Flint, Michigan, USA",/name/nm0601619/,8.0,7.2
tt1340123,Samson and Delilah (2009) ,Samson & Delilah,2009,1,Australia,Warwick Thornton,Warwick Thornton,1970-0-0,,"Alice Springs, Northern Territory, Australia",/name/nm0861610/,7.1,7.5
tt0287963,Choses secrètes (2002) ,Secret Things,2002,1,France,Jean-Claude Brisseau,Jean-Claude Brisseau,1944-7-17,2019-5-11,"Paris, France",/name/nm0109885/,6.1,
tt0240419,La Ciénaga (2001) ,La Ciénaga,2001,1,Argentina,Lucrecia Martel,Lucrecia Martel,1966-12-14,,"Salta, Argentina",/name/nm0551506/,7.0,7.5
tt1845804,In the Family (2011) ,In the Family,2011,1,,Patrick Wang,Patrick Wang,,,,/name/nm1169526/,7.0,8.2
tt0302674,Gerry (2002) ,Gerry,2002,1,United States of America,Gus Van Sant,Gus Van Sant,1952-7-24,,"Louisville, Kentucky, USA",/name/nm0001814/,6.2,
tt0120263,Songs from the Second Floor (2000) ,Songs from the Second Floor,2000,1,Sweden,Roy Andersson,Roy Andersson,1943-3-31,,"Gothenburg, Västra Götalands län, Sweden",/name/nm0027815/,7.7,7.6
tt3521442,Xi you (2014) ,Journey to the West,2014,1,Malaysia,Tsai Ming-liang,Ming-liang Tsai,1957-10-27,,"Kuching, Sarawak, Malaysia",/name/nm0158857/,6.8,
tt0424272,Melancholian 3 huonetta (2004) ,The 3 Rooms of Melancholia,2004,1,Finland,Pirjo Honkasalo,Pirjo Honkasalo,1947-2-22,,"Helsinki, Finland",/name/nm0393345/,7.3,6.7
tt0322824,Japón (2002) ,Japon,2002,1,Mexico,Carlos Reygadas,Carlos Reygadas,1971-10-10,,"Mexico City, Distrito Federal, Mexico",/name/nm1196161/,6.9,7.6
tt2190367,Neighboring Sounds (2012) ,Neighboring Sounds,2012,1,Brazil,Kleber Mendonça Filho,Kleber Mendonça Filho,1968-0-0,,"Recife, Pernambuco, Brazil",/name/nm2207625/,7.1,7.7
tt0279065,Time Out (2001) ,Time Out,2001,1,France,Laurent Cantet,Laurent Cantet,1961-6-15,,"Melle, Deux-Sevres, France",/name/nm0134559/,7.4,8.8
tt2280344,Horící ker             ,Burning Bush,2013,1,Czechoslovakia [now Slovak Republic],Agnieszka Holland,Tatiana Pauhofová,1983-8-13,,"Bratislava, Czechoslovakia [now Slovak Republic]",/name/nm1294207/,8.0,8.3
tt2178941,Barbara (2012) ,Barbara,2012,1,Germany,Christian Petzold,Christian Petzold,1960-9-14,,"Hilden, North Rhine-Westphalia, Germany",/name/nm0678857/,7.2,8.6
tt0365376,A Tale of Two Sisters (2003) ,A Tale of Two Sisters,2003,1,South Korea,Kim Jee-woon,Jee-woon Kim,1964-5-27,,"Seoul, South Korea",/name/nm0453518/,7.2,6.5
tt1518812,Meek's Cutoff (2010) ,Meek's Cutoff,2010,1,,Kelly Reichardt,Kelly Reichardt,,,,/name/nm0716980/,6.6,8.5
tt0314331,Love Actually (2003) ,Love Actually,2003,1,New Zealand,Richard Curtis,Richard Curtis,1956-11-8,,"Wellington, New Zealand",/name/nm0193485/,7.6,
tt0299658,Chicago (2002) ,Chicago,2002,1,United States of America,Rob Marshall,Rob Marshall,1960-10-17,,"Madison, Wisconsin, USA",/name/nm0551128/,7.2,8.2
tt0146882,High Fidelity (2000) ,High Fidelity,2000,1,United Kingdom,Stephen Frears,Stephen Frears,1941-6-20,,"Leicester, Leicestershire, England, UK",/name/nm0001241/,7.5,7.9
tt1341167,Four Lions (2010) ,Four Lions,2010,1,United Kingdom,Christopher Morris,Christopher Morris,1965-9-5,,"Bristol, England, UK",/name/nm0606439/,7.3,6.8
tt1954470,Gangs of Wasseypur (2012) ,Gangs of Wasseypur,2012,1,India,Anurag Kashyap,Anurag Kashyap,1972-9-10,,"Gorakhpur, Uttar Pradesh, India",/name/nm0440604/,8.2,8.9
tt0480025,This Is England (2006) ,This Is England,2006,1,United Kingdom,Shane Meadows,Shane Meadows,1972-12-26,,"Uttoxeter, Staffordshire, England, UK",/name/nm0276349/,7.7,8.6
tt1189073,La piel que habito (2011) ,The Skin I Live In,2011,1,Spain,Pedro Almodóvar,Pedro Almodóvar,1949-9-25,,"Calzada de Calatrava, Ciudad Real, Castilla-La Mancha, Spain",/name/nm0000264/,7.6,7.0
tt0907657,Once (2007) ,Once,2007,1,Ireland,John Carney,John Carney,1972-0-0,,"Dublin, Ireland",/name/nm0138809/,7.9,8.8
tt0317171,Sud sanaeha (2002) ,Blissfully Yours,2002,1,Thailand,Apichatpong Weerasethakul,Apichatpong Weerasethakul,1970-7-16,,"Bangkok, Thailand",/name/nm0917405/,7.1,7.7
tt0799934,Be Kind Rewind (2008) ,Be Kind Rewind,2008,1,France,Michel Gondry,Michel Gondry,1963-5-8,,"Versailles, Seine-et-Oise [now Yvelines], France",/name/nm0327273/,6.4,
tt1073535,Frontier of the Dawn (2008) ,Frontier of Dawn,2008,1,France,Philippe Garrel,Philippe Garrel,1948-4-6,,"Paris, France",/name/nm0308042/,6.6,
tt0855824,Hei yan quan (2006) ,I Don't Want to Sleep Alone,2006,1,Malaysia,Tsai Ming-liang,Ming-liang Tsai,1957-10-27,,"Kuching, Sarawak, Malaysia",/name/nm0158857/,7.0,7.8
tt0344273,Kings & Queen (2004) ,Kings and Queen,2004,1,France,Arnaud Desplechin,Arnaud Desplechin,1960-10-31,,"Roubaix, Nord, France",/name/nm0221611/,7.2,8.4
tt0274558,The Hours (2002) ,The Hours,2002,1,United Kingdom,Stephen Daldry,Stephen Daldry,1960-5-2,,"Dorset, England, UK",/name/nm0197636/,7.6,8.0
tt0769507,Tai yang zhao chang sheng qi (2007) ,The Sun Also Rises,2007,1,China,Jiang Wen,Wen Jiang,1963-1-5,,"Tangshan, China",/name/nm0422638/,7.2,
