,movie_name,movie_director,movie_year,num_of_nom,titleId
0,Mulholland Drive,David Lynch,2001,47,tt0166924
1,In the Mood for Love,Wong Kar-wai,2000,49,tt0118694
2,The Tree of Life,Terrence Malick,2011,23,tt0478304
3,Goodbye to Language,Jean-Luc Godard,2014,6,tt2400275
4,The White Meadows,Mohammad Rasoulof,2009,1,tt1509132
5,Night Across the Street,Raoul Ruiz,2012,1,tt1876360
6,Certified Copy,Abbas Kiarostami,2010,9,tt1020773
7,Sparrow,Johnnie To,2008,1,tt0491044
8,Fados,Carlos Saura,2007,1,tt1056422
9,Eternal Sunshine of the Spotless Mind,Michel Gondry,2004,29,tt0338013
10,Syndromes and a Century,Apichatpong Weerasethakul,2006,5,tt0477731
11,Spirited Away,Hayao Miyazaki,2001,34,tt0245429
12,The Act of Killing,Joshua Oppenheimer,2012,16,tt2375605
13,The Grand Budapest Hotel,Wes Anderson,2014,12,tt2278388
14,The New World,Terrence Malick,2004,8,tt0402399
15,The World,Jia Zhangke,2004,3,tt0423176
16,Elephant,Gus Van Sant,2003,6,tt0363589
17,Zero Dark Thirty,Kathryn Bigelow,2012,5,tt1790885
18,A History of Violence,David Cronenberg,2005,6,tt0399146
19,Casino Royale,Martin Campbell,2006,4,tt0381061
20,Tabu,Miguel Gomes,2012,8,tt2153963
21,Snow White,Pablo Berger,2012,1,tt1854513
22,Frozen River,Courtney Hunt,2008,1,tt0978759
23,Gosford Park,Robert Altman,2001,2,tt0280707
24,Inception,Christopher Nolan,2010,7,tt1375666
25,Pan's Labyrinth,Guillermo Del Toro,2006,17,tt0457430
26,Caché,Michael Haneke,2005,13,tt0387898
27,Grizzly Man,Werner Herzog,2005,4,tt0427312
28,Holy Motors,Leos Carax,2012,16,tt2076220
29,The Last of the Unjust,Claude Lanzmann,2013,3,tt2340784
30,There Will Be Blood,Paul Thomas Anderson,2007,35,tt0469494
31,The Piano Teacher,Michael Haneke,2001,1,tt0254686
32,Margaret,Kenneth Lonergan,2011,9,tt0466893
33,American Psycho,Mary Harron,2000,3,tt0144084
34,Lourdes,Jessica Hausner,2009,1,tt1405809
35,Red Road,Andrea Arnold,2006,2,tt0471030
36,Boyhood,Richard Linklater,2014,30,tt1065073
37,Tony Manero,Pablo Larraín,2008,1,tt1223975
38,A Separation,Asghar Farhadi,2011,28,tt1832382
39,Finding Nemo,Andrew Stanton and Lee Unkrich,2003,4,tt0266543
40,Hero,Zhang Yimou,2002,2,tt0299977
41,The Wolf of Wall Street,Martin Scorsese,2013,4,tt0993846
42,Mother,Bong Joon-ho,2009,3,tt1216496
43,The Bourne Ultimatum,Paul Greengrass,2007,1,tt0440963
44,Traffic,Steven Soderbergh,2000,2,tt0181865
45,These Encounters of Theirs,Danièle Huillet and Jean-Marie Straub,2006,1,tt0815227
46,Vincere,Marco Bellocchio,2009,1,tt1156173
47,Le quattro volte,Michelangelo Frammartino,2010,1,tt1646975
48,The Profession of Arms,Ermanno Olmi,2001,1,tt0245276
49,Gostanza da Libbiano,Paolo Benvenuti,2000,1,tt0257726
50,At the First Breath of Wind,Franco Piavoli,2003,1,tt0328825
51,Sangue,Pippo Delbono,2013,1,tt3102590
52,Terra,Marco De Angelis and Antonio Di Trapani,2015,1,tt5152918
53,Oh! Man,Yervant Gianikian and Angela Ricci Lucchi,2004,1,tt0431958
54,Black Swan,Darren Aronofsky,2010,1,tt0947798
55,The Comedy,Rick Alverson,2012,2,tt2112293
56,Melancholia,Lars von Trier,2011,7,tt1527186
57,Inglourious Basterds,Quentin Tarantino,2009,10,tt0361748
58,Inside Llewyn Davis,Joel and Ethan Coen,2013,20,tt2042568
59,Only Lovers Left Alive,Jim Jarmusch,2013,7,tt1714915
60,The Congress,Ari Folman,2013,2,tt1821641
61,The Master,Paul Thomas Anderson,2012,10,tt1560747
62,25th Hour,Spike Lee,2002,12,tt0307901
63,24 Hour Party People,Michael Winterbottom,2002,2,tt0274309
64,Once Upon a Time in Anatolia,Nuri Bilge Ceylan,2011,7,tt1827487
65,Zodiac,David Fincher,2007,15,tt0443706
66,A Serious Man,Joel and Ethan Coen,2009,8,tt1019452
67,Tinker Tailor Soldier Spy,Tomas Alfredson,2011,1,tt1340800
68,Primer,Shane Carruth,2004,1,tt0390384
69,Uncle Boonmee Who Can Recall His Past Lives,Apichatpong Weerasethakul,2010,9,tt1588895
70,2046,Wong Kar-wai,2004,2,tt0212712
71,Adaptation,Spike Jonze,2002,3,tt0268126
72,Battle in Heaven,Carlos Reygadas,2005,1,tt0387055
73,Inland Empire,David Lynch,2006,1,tt0460829
74,Mysteries of Lisbon,Raoul Ruiz,2010,2,tt1236371
75,Children of Men,Alfonso Cuarón,2006,18,tt0206634
76,City of God,Fernando Meirelles and Kátia Lund,2002,10,tt0317248
77,The Incredibles,Brad Bird,2004,3,tt0317705
78,Birdman,Alejandro González Iñárritu,2014,5,tt2562232
79,Brokeback Mountain,Ang Lee,2005,11,tt0388795
80,12 Years a Slave,Steve McQueen,2013,10,tt2024544
81,Fish Tank,Andrea Arnold,2009,5,tt1232776
82,Mommy,Xavier Dolan,2014,3,tt3612616
83,Talk to Her,Pedro Almodóvar,2002,13,tt0287467
84,Timbuktu,Abderrahmane Sissako,2014,9,tt3409392
85,Selma,Ava DuVernay,2014,5,tt1020072
86,The White Ribbon,Michael Haneke,2009,13,tt1149362
87,The Headless Woman,Lucrecia Martel,2008,6,tt1221141
88,The Royal Tenenbaums,Wes Anderson,2001,7,tt0265666
89,Moonrise Kingdom,Wes Anderson,2012,5,tt1748122
90,Lost in Translation,Sofia Coppola,2003,12,tt0335266
91,A Single Man,Tom Ford,2009,1,tt1315981
92,Toy Story 3,Lee Unkrich,2010,3,tt0435761
93,I Am Love,Luca Guadagnino,2009,2,tt1226236
94,Donnie Darko,Richard Kelly,2001,3,tt0246578
95,Inherent Vice,Paul Thomas Anderson,2014,4,tt1791528
96,Film socialisme,Jean-Luc Godard,2010,2,tt1438535
97,This Is the End,Evan Goldberg and Seth Rogen,2013,1,tt1245492
98,Somewhere,Sofia Coppola,2010,3,tt1421051
99,Almayer's Folly,Chantal Akerman,2011,1,tt1532530
100,The Story of Marie and Julien,Jacques Rivette,2003,2,tt0339357
101,Bamboozled,Spike Lee,2000,1,tt0215545
102,Under the Skin,Jonathan Glazer,2013,7,tt1441395
103,Anomalisa,Duke Johnson and Charlie Kaufman,2015,1,tt2401878
104,Madagascar 3: Europe's Most Wanted,"Eric Darnell,Tom McGrath and Conrad Vernon",2012,1,tt1277953
105,Another Year,Mike Leigh,2010,1,tt1431181
106,The Diving Bell and the Butterfly,Julian Schnabel,2007,5,tt0401383
107,The Social Network,David Fincher,2010,13,tt1285016
108,WALL-E,Andrew Stanton,2008,11,tt0910970
109,The Son's Room,Nanni Moretti,2001,2,tt0208990
110,Extraordinary Stories,Mariano Llinás,2008,1,tt1225831
111,The Assassin,Hou Hsiao-hsien,2015,5,tt3508840
112,Million Dollar Baby,Clint Eastwood,2004,3,tt0405159
113,Leviathan,Andrey Zvyagintsev,2014,10,tt2802154
114,A Touch of Sin,Jia Zhangke,2013,4,tt2852400
115,Distant,Nuri Bilge Ceylan,2002,3,tt0346094
116,A Prophet,Jacques Audiard,2009,7,tt1235166
117,Blue Is the Warmest Color,Abdellatif Kechiche,2013,7,tt2278871
118,Moolaadé,Ousmane Sembèène,2004,5,tt0416991
119,The Secret in Their Eyes,Juan José Campanella,2009,3,tt1305806
120,Oldboy,Park Chan-wook,2003,11,tt0364569
121,Fat Girl,Catherine Breillat,2001,2,tt0243255
122,The Orphanage,J. A. Bayona,2007,1,tt0464141
123,The Hunt,Thomas Vinterberg,2012,1,tt2106476
124,Spring Breakers,Harmony Korine,2012,7,tt2101441
125,My Winnipeg,Guy Maddin,2007,3,tt1093842
126,The Ghost Writer,Roman Polanski,2010,2,tt1139328
127,Moulin Rouge!,Baz Luhrmann,2001,6,tt0203009
128,Manakamana,Pacho Velez and Stephanie Spray,2013,1,tt3103326
129,The Curious Case of Benjamin Button,David Fincher,2008,2,tt0421715
130,Cuba: An African Odyssey,Jihan El-Tahri,2007,1,tt1106760
131,Shoot the Messenger,Ngozi Onwurah,2006,1,tt0800199
132,Red Leaves,Bazi Gete,2014,1,tt3748640
133,The Colonial Misunderstanding,Jean-Marie Téno,2004,1,tt0474246
134,Restless City,Andrew Dosunmu,2011,1,tt1545464
135,Conversations on a Sunday Afternoon,Khalo Matabane,2005,1,tt0471130
136,Belle,Amma Asante,2013,1,tt2404181
137,Requiem for a Dream,Darren Aronofsky,2000,3,tt0180093
138,Antichrist,Lars von Trier,2009,2,tt0870984
139,The Child,Jean-Pierre and Luc Dardenne,2005,2,tt0456396
140,Irreversible,Gaspar Noé,2002,1,tt0290673
141,Amour,Michael Haneke,2012,8,tt1602620
142,Monsoon Wedding,Mira Nair,2001,2,tt0265343
143,Son of Saul,László Nemes,2015,10,tt3808342
144,Thithi,Raam Reddy,2015,1,tt4881362
145,No Man's Land,Danis Tanovic,2001,2,tt0283509
146,Waltz with Bashir,Ari Folman,2008,4,tt1185616
147,In Praise of Love,Jean-Luc Godard,2001,1,tt0181912
148,Butter on the Latch,Josephine Decker,2013,1,tt2252304
149,Heaven Knows What,Josh and Benny Safdie,2014,1,tt3687186
150,The Future,Miranda July,2011,1,tt1235170
151,Coma,Sara Fattahi,2015,1,tt5537018
152,The Matchmaker,Avi Nesher,2010,1,tt1655424
153,Footnote,Joseph Cedar,2011,1,tt1445520
154,The Son,Jean-Pierre and Luc Dardenne,2002,5,tt0291172
155,Yossi & Jagger,Eytan Fox,2002,1,tt0334754
156,The Babadook,Jennifer Kent,2014,2,tt2321549
157,Russian Ark,Aleksandr Sokurov,2002,4,tt0318034
158,Inside Out,Pete Docter,2015,8,tt2096673
159,Persepolis,Vincent Paronnaud and Marjane Satrapi,2007,3,tt0808417
160,Mad Max: Fury Road,George Miller,2015,14,tt1392190
161,Attack the Block,Joe Cornish,2011,2,tt1478964
162,Before Sunset,Richard Linklater,2004,5,tt0381681
163,Ratatouille,Brad Bird and Jan Pinkava,2007,4,tt0382932
164,Amores Perros,Alejandro González Iñárritu,2000,4,tt0245712
165,Minority Report,Steven Spielberg,2002,2,tt0181689
166,Secret Sunshine,Lee Chang-dong,2007,4,tt0817225
167,The Dark Knight,Christopher Nolan,2008,9,tt0468569
168,35 Shots of Rum,Claire Denis,2008,5,tt1100048
169,The Three Burials of Melquiades Estrada,Tommy Lee Jones,2005,1,tt0419294
170,The Blind Swordsman: Zatoichi,Takeshi Kitano,2003,1,tt0363226
171,Dancer in the Dark,Lars von Trier,2000,2,tt0168629
172,Tey,Alain Gomis,2012,3,tt2178935
173,Sweet Sixteen,Ken Loach,2002,1,tt0313670
174,Ezra,Newton I. Aduaka,2007,1,tt0923688
175,Almost Famous,Cameron Crowe,2000,4,tt0181875
176,Memories of Murder,Bong Joon-ho,2003,3,tt0353969
177,Tropical Malady,Apichatpong Weerasethakul,2004,6,tt0381668
178,Hard to Be a God,Aleksey German,2013,2,tt2328813
179,Borat: Cultural Learnings of America for Make Benefit Glorious Nation of Kazakhstan,Larry Charles,2006,5,tt0443453
180,Let the Right One In,Tomas Alfredson,2008,3,tt1139797
181,World of Tomorrow,Don Hertzfeldt,2015,2,tt3677466
182,Ex Machina,Alex Garland,2015,2,tt0470752
183,The Avengers,Joss Whedon,2012,1,tt0848228
184,Her,Spike Jonze,2013,6,tt1152263
185,Manchester by the Sea,Kenneth Lonergan,2016,3,tt4034228
186,The Host,Bong Joon-ho,2006,1,tt0468492
187,District 9,Neill Blomkamp,2009,3,tt1136608
188,Love & Friendship,Whit Stillman,2016,1,tt3068194
189,3-Iron,Kim Ki-duk,2004,2,tt0423866
190,Evolution of a Filipino Family,Lav Diaz,2004,1,tt0424062
191,Pulse,Kiyoshi Kurosawa,2001,3,tt0286751
192,Cave of Forgotten Dreams,Werner Herzog,2010,1,tt1664894
193,Heaven's Story,Takahisa Zeze,2010,1,tt1685536
194,The Pianist,Roman Polanski,2002,3,tt0253474
195,Lincoln,Steven Spielberg,2012,1,tt0443272
196,Life of Pi,Ang Lee,2012,1,tt0454876
197,Mystic River,Clint Eastwood,2003,1,tt0327056
198,American Hustle,David O. Russell,2013,1,tt1800241
199,After the Wedding,Susanne Bier,2006,1,tt0457655
200,Memento,Christopher Nolan,2000,11,tt0209144
201,Gravity,Alfonso Cuarón,2013,3,tt1454468
202,The Five Obstructions,Jørgen Leth and Lars von Trier,2003,1,tt0354575
203,Ida,PaweÅ Pawlikowski,2013,6,tt2718492
204,Nobody Knows,Hirokazu Koreeda,2004,1,tt0408664
205,Wild Tales,Damián Szifrón,2014,3,tt3011894
206,Eldorado,Bouli Lanners,2008,1,tt1176954
207,The Stuart Hall Project,John Akomfrah,2013,1,tt2578290
208,Waiting for Happiness,Abderrahmane Sissako,2002,2,tt0308363
209,Something Necessary,Judy Kibinge,2013,1,tt2400272
210,5 Broken Cameras,Emad Burnat and Guy Davidi,2011,1,tt2125423
211,Hooligan Sparrow,Nanfu Wang,2016,1,tt4079902
212,7 Letters,"Boo Junfeng,Eric Khoo,Jack Neo,K. Rajagopal,Tan Pin Pin,Royston Tan and Kelvin Tong",2015,1,tt4691166
213,Weekend,Andrew Haigh,2011,4,tt1714210
214,How to Survive a Plague,David France,2012,1,tt2124803
215,American Splendor,Robert Pulcini and Shari Springer Berman,2003,1,tt0305206
216,An Injury to One,Travis Wilkerson,2002,1,tt0342570
217,Love & Basketball,Gina Prince-Bythewood,2000,2,tt0199725
218,It's Such a Beautiful Day,Don Hertzfeldt,2012,3,tt2078648
219,Actress,Robert Greene,2014,1,tt3212392
220,Carol,Todd Haynes,2015,6,tt2402927
221,The Wind Rises,Hayao Miyazaki,2013,1,tt2013293
222,Girl Walk: All Day,Jacob Krupnick,2011,1,tt2287749
223,Collateral,Michael Mann,2004,1,tt0369339
224,Brooklyn,John Crowley,2015,6,tt0365020
225,Nightcrawler,Dan Gilroy,2014,1,tt1964955
226,Take Shelter,Jeff Nichols,2011,1,tt1675192
227,Senna,Asif Kapadia,2010,1,tt1424432
228,Frances Ha,Noah Baumbach,2012,2,tt2347569
229,Dogtooth,Yorgos Lanthimos,2009,2,tt1379182
230,A Pigeon Sat on a Branch Reflecting on Existence,Roy Andersson,2014,3,tt1883180
231,Katyn,Andrzej Wajda,2007,1,tt0879843
232,Still Life,Jia Zhangke,2006,3,tt0859765
233,Archipelago,Joanna Hogg,2010,1,tt1527835
234,Divine Intervention,Elia Suleiman,2002,1,tt0274428
235,Crimson Gold,Jafar Panahi,2003,1,tt0371280
236,Spider-Man 2,Sam Raimi,2004,1,tt0316654
237,Frozen,Chris Buck and Jennifer Lee,2013,1,tt2294629
238,Shaun of the Dead,Edgar Wright,2004,1,tt0365748
239,Shame,Steve McQueen,2011,4,tt1723811
240,Head-On,Fatih Akin,2004,1,tt0347048
241,Sideways,Alexander Payne,2004,2,tt0375063
242,Dogville,Lars von Trier,2003,5,tt0276919
243,Short Term 12,Destin Daniel Cretton,2013,2,tt1299384
244,Blue Valentine,Derek Cianfrance,2010,3,tt1120985
245,The Squid and the Whale,Noah Baumbach,2005,1,tt0367089
246,Jersey Boys,Clint Eastwood,2014,1,tt1742044
247,Nine Queens,Fabián Bielinsky,2000,1,tt0247586
248,Mia Madre,Nanni Moretti,2015,3,tt3013610
249,Adventureland,Greg Mottola,2009,1,tt1091722
250,Open Range,Kevin Costner,2003,1,tt0316356
251,Profit Motive and the Whispering Wind,John Gianvito,2007,1,tt1158308
252,In Jackson Heights,Frederick Wiseman,2015,1,tt4936064
253,Love Exposure,Sion Sono,2008,1,tt1128075
254,Sicario,Denis Villeneuve,2015,1,tt3397884
255,No,Pablo Larraín,2012,3,tt2059255
256,Whiplash,Damien Chazelle,2014,2,tt2582802
257,Animal Kingdom,David Michôd,2010,2,tt1313092
258,Apocalypto,Mel Gibson,2006,1,tt0472043
259,Three Monkeys,Nuri Bilge Ceylan,2008,1,tt1233381
260,Listen to Me Marlon,Stevan Riley,2015,1,tt4145178
261,Talladega Nights: The Ballad of Ricky Bobby,Adam McKay,2006,1,tt0415306
262,Centochiodi,Ermanno Olmi,2007,1,tt0985597
263,United 93,Paul Greengrass,2006,2,tt0475276
264,Bridesmaids,Paul Feig,2011,3,tt1478338
265,The Look of Silence,Joshua Oppenheimer,2014,4,tt3521134
266,Punch-Drunk Love,Paul Thomas Anderson,2002,3,tt0272338
267,We Need to Talk About Kevin,Lynne Ramsay,2011,3,tt1242460
268,Chuck & Buck,Miguel Arteta,2000,1,tt0200530
269,Gladiator,Ridley Scott,2000,2,tt0172495
270,The Century of the Self,Adam Curtis,2002,1,tt0432232
271,Munich,Steven Spielberg,2005,2,tt0408306
272,Lilya 4-Ever,Lukas Moodysson,2002,2,tt0300140
273,Femme Fatale,Brian De Palma,2002,5,tt0280665
274,This Is Not a Film,Mojtaba Mirtahmasb and Jafar Panahi,2011,1,tt0299177
275,Two Lovers,James Gray,2008,1,tt1103275
276,Heart of a Dog,Laurie Anderson,2015,1,tt4935446
277,The Lives of Others,Florian Henckel von Donnersmarck,2006,10,tt0405094
278,Werckmeister Harmonies,Béla Tarr and Ágnes Hranitzky,2000,4,tt0249241
279,White Material,Claire Denis,2009,3,tt1135952
280,Stranger by the Lake,Alain Guiraudie,2013,1,tt2852458
281,Colossal Youth,Pedro Costa,2006,2,tt0460480
282,Story of My Death,Albert Serra,2013,1,tt3102458
283,Aurora,Cristi Puiu,2010,1,tt1403047
284,The Turin Horse,Béla Tarr and Ágnes Hranitzky,2011,6,tt1316540
285,Shutter Island,Martin Scorsese,2010,1,tt1130884
286,Saraband,Ingmar Bergman,2003,1,tt0299478
287,The Return,Andrey Zvyagintsev,2003,5,tt0376968
288,Import Export,Ulrich Seidl,2007,1,tt0447649
289,The Revenant,Alejandro González Iñárritu,2015,1,tt1663202
290,Tie Xi Qu: West of the Tracks,Wang Bing,2002,2,tt0389448
291,Le filmeur,Alain Cavalier,2005,1,tt0463991
292,Capitalism: Child Labor,Ken Jacobs,2007,1,tt3703130
293,Psalm III: 'Night of the Meek',Phil Solomon,2002,1,tt0351599
294,Daylight Moon,Lewis Klahr,2002,1,tt0360504
295,The Fourth Watch,Janie Geiser,2000,1,tt0282499
296,Our Daily Bread,Nikolaus Geyrhalter,2005,1,tt0765849
297,Ankhon Dekhi,Rajat Kapoor,2013,1,tt3614516
298,Court,Chaitanya Tamhane,2014,1,tt3717068
299,Dev D,Anurag Kashyap,2009,1,tt1327035
300,Paan Singh Tomar,Tigmanshu Dhulia,2012,1,tt1620933
301,Udaan,Vikramaditya Motwane,2010,1,tt1639426
302,Hazaaron Khwaishein Aisi,Sudhir Mishra,2003,1,tt0411469
303,Maqbool,Vishal Bhardwaj,2003,2,tt0379370
304,Lagaan: Once Upon a Time in India,Ashutosh Gowariker,2001,2,tt0169102
305,The Lady and the Duke,Éric Rohmer,2001,1,tt0239234
306,Silent Souls,Aleksey Fedorchenko,2010,2,tt1693830
307,Me and You and Everyone We Know,Miranda July,2005,1,tt0415978
308,Gone Girl,David Fincher,2014,1,tt2267998
309,Pain & Gain,Michael Bay,2013,1,tt1980209
310,When the Levees Broke: A Requiem in Four Acts,Spike Lee,2006,1,tt0783612
311,Before Midnight,Richard Linklater,2013,2,tt2209418
312,Fruitvale Station,Ryan Coogler,2013,4,tt2334649
313,Brick,Rian Johnson,2005,2,tt0393109
314,Stray Dogs,Tsai Ming-liang,2013,1,tt3119416
315,Ten,Abbas Kiarostami,2002,4,tt0301978
316,Closed Curtain,Jafar Panahi,2013,1,tt2626926
317,Tangerine,Sean Baker,2015,1,tt3824458
318,Notre musique,Jean-Luc Godard,2004,1,tt0360845
319,Triple Agent,Éric Rohmer,2004,1,tt0374294
320,Gran Torino,Clint Eastwood,2008,1,tt1205489
321,Horse Money,Pedro Costa,2014,1,tt3907156
322,Déjà Vu,Tony Scott,2006,1,tt0453467
323,Seventh Code,Kiyoshi Kurosawa,2013,1,tt3265404
324,Dreams of a Life,Carol Morley,2011,1,tt1819513
325,Lumumba,Raoul Peck,2000,1,tt0246765
326,Hunger,Steve McQueen,2008,1,tt0986233
327,Middle of Nowhere,Ava DuVernay,2012,1,tt1211890
328,Star Trek,J. J. Abrams,2009,1,tt0796366
329,Waking Life,Richard Linklater,2001,2,tt0243017
330,Enter the Void,Gaspar Noé,2009,3,tt1191111
331,Of Gods and Men,Xavier Beauvois,2010,1,tt1588337
332,Into Great Silence,Philip Gröning,2005,1,tt0478160
333,The Descendants,Alexander Payne,2011,1,tt1033575
334,Beasts of the Southern Wild,Benh Zeitlin,2012,2,tt2125435
335,Idiocracy,Mike Judge,2006,2,tt0387808
336,The Hurt Locker,Kathryn Bigelow,2008,6,tt0887912
337,Michael Clayton,Tony Gilroy,2007,2,tt0465538
338,Longing,Valeska Grisebach,2006,1,tt0416213
339,The External World,David O'Reilly,2010,1,tt1720261
340,Toni Erdmann,Maren Ade,2016,6,tt4048272
341,Platform,Jia Zhangke,2000,3,tt0258885
342,The Holy Girl,Lucrecia Martel,2004,1,tt0300270
343,Y Tu Mamá También,Alfonso Cuarón,2001,3,tt0245574
344,Hugo,Martin Scorsese,2011,1,tt0970179
345,Quills,Philip Kaufman,2000,1,tt0180073
346,The Sapphires,Wayne Blair,2012,1,tt1673697
347,Where Do We Go Now?,Nadine Labaki,2011,1,tt1772424
348,Ajami,Scandar Copti and Yaron Shani,2009,1,tt1077262
349,Amélie,Jean-Pierre Jeunet,2001,5,tt0211915
350,Avatar,James Cameron,2009,2,tt0499549
351,Coming Home,Zhang Yimou,2014,1,tt3125472
352,The Wrestler,Darren Aronofsky,2008,2,tt1125849
353,The Great Beauty,Paolo Sorrentino,2013,6,tt5170434
354,Eden,Mia Hansen-Løve,2014,2,tt3032282
355,Ghost World,Terry Zwigoff,2001,2,tt0162346
356,Wendy and Lucy,Kelly Reichardt,2008,2,tt1152850
357,Everyone Else,Maren Ade,2009,1,tt1204773
358,Millennium Mambo,Hou Hsiao-hsien,2001,2,tt0283283
359,My Golden Days,Arnaud Desplechin,2015,1,tt4048050
360,Carlos,Olivier Assayas,2010,3,tt1321865
361,Regular Lovers,Philippe Garrel,2005,1,tt0443844
362,The Days When I Do Not Exist,Jean-Charles Fitoussi,2002,1,tt0365398
363,Phoenix,Christian Petzold,2014,3,tt2764784
364,As I Was Moving Ahead Occasionally I Saw Brief Glimpses of Beauty,Jonas Mekas,2000,1,tt0262240
365,Silver Linings Playbook,David O. Russell,2012,3,tt1045658
366,The Artist,Michel Hazanavicius,2011,4,tt1655442
367,Vera Drake,Mike Leigh,2004,2,tt0383694
368,Wild,Jean-Marc Vallée,2014,1,tt2305051
369,Theeb,Naji Abou Nowar,2014,1,tt3170902
370,A Time for Drunken Horses,Bahman Ghobadi,2000,1,tt0259072
371,Man on Wire,James Marsch,2008,3,tt1155592
372,Days of Glory,Rachid Bouchareb,2006,2,tt0444182
373,Cosmos,Andrzej Zulawski,2015,1,tt4035268
374,Che,Steven Soderbergh,2008,2,tt0892255
375,The Intruder,Claire Denis,2004,2,tt0422491
376,Morvern Callar,Lynne Ramsay,2002,2,tt0300214
377,The Circle,Jafar Panahi,2000,2,tt0255094
378,Bad Education,Pedro Almodóvar,2005,2,tt0275491
379,Rust and Bone,Jacques Audiard,2012,1,tt2053425
380,5x2,François Ozon,2004,1,tt0354356
381,Winter Sleep,Nuri Bilge Ceylan,2014,3,tt2758880
382,Jackass 3D,Jeff Tremaine,2010,1,tt1116184
383,What Time Is It There?,Tsai Ming-liang,2001,1,tt0269746
384,Nebraska,Alexander Payne,2013,3,tt1821549
385,The Magdalene Sisters,Peter Mullan,2002,1,tt0318411
386,Father of My Children,Mia Hansen-Løve,2009,1,tt1356928
387,The Consequences of Love,Paolo Sorrentino,2004,1,tt0398883
388,Summer Hours,Olivier Assayas,2008,1,tt0836700
389,Wet Hot American Summer,David Wain,2001,1,tt0243655
390,Cast Away,Robert Zemeckis,2000,1,tt0162222
391,Café Lumière,Hou Hsiao-hsien,2003,2,tt0412596
392,Millennium Actress,Satoshi Kon,2001,1,tt0291350
393,Hotel Rwanda,Terry George,2004,1,tt0395169
394,Birth,Jonathan Glazer,2004,2,tt0337876
395,Silent Light,Carlos Reygadas,2007,1,tt0841925
396,Winter's Bone,Debra Granik,2010,1,tt1399683
397,Moon,Duncan Jones,2009,1,tt1182345
398,The Taste of Others,Agnès Jaoui,2000,1,tt0216787
399,The Assassination of Jesse James by the Coward Robert Ford,Andrew Dominik,2007,3,tt0443680
400,The Lord of the Rings: The Fellowship of the Ring,Peter Jackson,2001,2,tt0120737
401,Making Of,Nouri Bouzid,2006,1,tt0976145
402,House of Flying Daggers,Zhang Yimou,2004,1,tt0385004
403,Miners Shot Down,Rehad Desai,2014,1,tt3677896
404,678,Mohamed Diab,2010,1,tt1764141
405,Hijack Stories,Oliver Schmitz,2000,1,tt0215841
406,Spotlight,Tom McCarthy,2015,4,tt1895587
407,The Gatekeepers,Dror Moreh,2012,1,tt1669696
408,Sexy Beast,Jonathan Glazer,2000,2,tt0203119
409,Anchorman: The Legend of Ron Burgundy,Adam McKay,2004,1,tt0357413
410,Los Angeles Plays Itself,Thom Andersen,2003,1,tt0379357
411,Crank,Mark Neveldine and Brian Taylor,2006,1,tt0479884
412,The Forest for the Trees,Maren Ade,2003,1,tt0386862
413,Miami Vice,Michael Mann,2006,1,tt0430357
414,Woman on the Beach,Hong Sang-soo,2006,1,tt0835787
415,Nostalgia for the Light,Patricio Guzmán,2010,4,tt1556190
416,Lifeline,Víctor Erice,2002,1,tt0304808
417,Kung Fu Hustle,Stephen Chow,2004,1,tt0373074
418,Instructions for a Light and Sound Machine,Peter Tscherkassky,2005,1,tt0493428
419,Un lac,Philippe Grandrieux,2008,1,tt1270702
420,Detention,Joseph Kahn,2011,1,tt1701990
421,A Vingança de Uma Mulher,Rita Azevedo Gomes,2012,1,tt2050453
422,Before the Devil Knows You're Dead,Sidney Lumet,2007,1,tt0292963
423,Match Point,Woody Allen,2005,1,tt0416320
424,No Home Movie,Chantal Akerman,2015,1,tt4881016
425,The Romance of Astrea and Celadon,Éric Rohmer,2009,1,tt0823240
426,The Strange Case of Angelica,Manoel de Oliveira,2010,1,tt1282153
427,Michelangelo Eye to Eye,Michelangelo Antonioni,2004,1,tt0409285
428,Warming by the Devil's Fire,Charles Burnett,2003,1,tt1065628
429,You Will Meet a Tall Dark Stranger,Woody Allen,2010,1,tt1182350
430,The Hateful Eight,Quentin Tarantino,2015,1,tt3460252
431,Hedwig and the Angry Inch,John Cameron Mitchell,2001,1,tt0248845
432,Battle Royale,Kinji Fukasaku,2000,1,tt0266308
433,Bad Lieutenant: Port of Call New Orleans,Werner Herzog,2009,1,tt1095217
434,Night Will Fall,André Singer,2014,1,tt3455822
435,The Lobster,Yorgos Lanthimos,2015,1,tt3464902
436,Best in Show,Christopher Guest,2000,1,tt0218839
437,About Elly,Asghar Farhadi,2009,3,tt1360860
438,Good Bye Lenin!,Wolfgang Becker,2003,2,tt0301357
439,The Baader Meinhof Complex,Uli Edel,2008,1,tt0765432
440,Django Unchained,Quentin Tarantino,2012,1,tt1853728
441,Alpha Dog,Nick Cassavetes,2006,1,tt0426883
442,Young Adult,Jason Reitman,2011,1,tt1625346
443,Tropic Thunder,Ben Stiller,2008,2,tt0942385
444,Dirty Pretty Things,Stephen Frears,2002,1,tt0301199
445,The Imposter,Bart Layton,2012,1,tt1966604
446,A Girl Walks Home Alone at Night,Ana Lily Amirpour,2014,1,tt2062469
447,Bone Tomahawk,S. Craig Zahler,2015,1,tt2494362
448,The Queen,Stephen Frears,2006,1,tt0436697
449,Climates,Nuri Bilge Ceylan,2006,1,tt0498097
450,Poetry,Lee Chang-dong,2010,1,tt1095488
451,Beyond the Hills,Cristian Mungiu,2012,1,tt2258281
452,All Divided Selves,Luke Fowler,2011,1,tt2261217
453,Oasis,Lee Chang-dong,2002,1,tt0320193
454,The House of Mirth,Terence Davies,2000,1,tt0200720
455,Locke,Steven Knight,2013,1,tt2692904
456,Sin Nombre,Cary Joji Fukunaga,2009,1,tt1127715
457,Babel,Alejandro González Iñárritu,2006,1,tt0449467
458,The Sky Trembles and the Earth Is Afraid and the Two Eyes Are Not Brothers,Ben Rivers,2015,1,tt4881172
459,From What Is Before,Lav Diaz,2014,1,tt3303310
460,Lost and Beautiful,Pietro Marcello,2015,1,tt2188860
461,The Captive,Chantal Akerman,2000,1,tt0216605
462,The Yards,James Gray,2000,1,tt0138946
463,Shara,Naomi Kawase,2003,1,tt0363060
464,Twixt,Francis Ford Coppola,2011,1,tt1756851
465,To Die Like a Man,João Pedro Rodrigues,2009,1,tt1424361
466,The Deep Blue Sea,Terence Davies,2011,2,tt1700844
467,Sita Sings the Blues,Nina Paley,2008,1,tt1172203
468,Take This Waltz,Sarah Polley,2011,1,tt0496406
469,Bend It Like Beckham,Gurinder Chadha,2002,1,tt0286499
470,The Namesake,Mira Nair,2006,1,tt0433416
471,Paradise Now,Hany Abu-Assad,2005,2,tt0445620
472,Revolutionary Road,Sam Mendes,2008,1,tt0959337
473,The Beat That My Heart Skipped,Jacques Audiard,2005,1,tt0411270
474,The Edge of Heaven,Fatih Akin,2007,1,tt0880502
475,Incendies,Denis Villeneuve,2010,1,tt1255953
476,Elena,Andrey Zvyagintsev,2011,1,tt1925421
477,Master and Commander: The Far Side of the World,Peter Weir,2003,1,tt0311113
478,The Prestige,Christopher Nolan,2006,1,tt0482571
479,Song of the Sea,Tomm Moore,2014,1,tt1865505
480,The Arbor,Clio Barnard,2010,1,tt1623008
481,The Clock,Christian Marclay,2010,1,tt2008009
482,Monster,Patty Jenkins,2003,1,tt0340855
483,Caramel,Nadine Labaki,2007,1,tt0463936
484,The Tiger and the Snow,Roberto Benigni,2005,1,tt0419198
485,Taxi Tehran,Jafar Panahi,2015,1,tt4359416
486,A Borrowed Identity,Eran Riklis,2014,1,tt2841572
487,When I Saw You,Annemarie Jacir,2012,1,tt2853250
488,99 Homes,Ramin Bahrani,2014,1,tt2891174
489,Human,Yann Arthus-Bertrand,2015,1,tt3327994
490,Drive,Nicolas Winding Refn,2011,2,tt0780504
491,Infernal Affairs,Andrew Lau and Alan Mak,2002,2,tt0338564
492,Shrek,Andrew Adamson and Vicky Jenson,2001,1,tt0126029
493,The Time That Remains,Elia Suleiman,2009,1,tt1037163
494,The Box of Life,Ossama Mohammed,2002,1,tt0303792
495,Men at Work,Mani Haghighi,2006,1,tt0499335
496,Three Times,Hou Hsiao-hsien,2005,1,tt0459666
497,The Departed,Martin Scorsese,2006,2,tt0407887
498,Beginners,Mike Mills,2010,1,tt1532503
499,Knight of Cups,Terrence Malick,2015,1,tt2101383
500,Godzilla,Gareth Edwards,2014,1,tt0831387
501,Girlhood,Céline Sciamma,2014,1,tt0368745
502,Team America: World Police,Trey Parker,2004,1,tt0372588
503,Still Walking,Hirokazu Koreeda,2008,3,tt1087578
504,Step Brothers,Adam McKay,2008,1,tt0838283
505,Bright Star,Jane Campion,2009,1,tt0810784
506,The Lord of the Rings: The Return of the King,Peter Jackson,2003,1,tt0167260
507,Kill List,Ben Wheatley,2011,1,tt1788391
508,Kiss Kiss Bang Bang,Shane Black,2005,1,tt0373469
509,Bowling for Columbine,Michael Moore,2002,2,tt0310793
510,Samson & Delilah,Warwick Thornton,2009,1,tt1340123
511,Secret Things,Jean-Claude Brisseau,2002,1,tt0287963
512,La Ciénaga,Lucrecia Martel,2001,1,tt0240419
513,In the Family,Patrick Wang,2011,1,tt1845804
514,Gerry,Gus Van Sant,2002,1,tt0302674
515,Songs from the Second Floor,Roy Andersson,2000,1,tt0120263
516,Journey to the West,Tsai Ming-liang,2014,1,tt3521442
517,The 3 Rooms of Melancholia,Pirjo Honkasalo,2004,1,tt0424272
518,Japon,Carlos Reygadas,2002,1,tt0322824
519,Neighboring Sounds,Kleber Mendonça Filho,2012,1,tt2190367
520,Time Out,Laurent Cantet,2001,1,tt0279065
521,Burning Bush,Agnieszka Holland,2013,1,tt2280344
522,Barbara,Christian Petzold,2012,1,tt2178941
523,A Tale of Two Sisters,Kim Jee-woon,2003,1,tt0365376
524,Meek's Cutoff,Kelly Reichardt,2010,1,tt1518812
525,Love Actually,Richard Curtis,2003,1,tt0314331
526,Chicago,Rob Marshall,2002,1,tt0299658
527,High Fidelity,Stephen Frears,2000,1,tt0146882
528,Four Lions,Christopher Morris,2010,1,tt1341167
529,Gangs of Wasseypur,Anurag Kashyap,2012,1,tt1954470
530,This Is England,Shane Meadows,2006,1,tt0480025
531,The Skin I Live In,Pedro Almodóvar,2011,1,tt1189073
532,Once,John Carney,2007,1,tt0907657
533,Blissfully Yours,Apichatpong Weerasethakul,2002,1,tt0317171
534,Be Kind Rewind,Michel Gondry,2008,1,tt0799934
535,Frontier of Dawn,Philippe Garrel,2008,1,tt1073535
536,I Don't Want to Sleep Alone,Tsai Ming-liang,2006,1,tt0855824
537,Kings and Queen,Arnaud Desplechin,2004,1,tt0344273
538,The Hours,Stephen Daldry,2002,1,tt0274558
539,The Sun Also Rises,Jiang Wen,2007,1,tt0769507