movie_name,movie_director,movie_year,num_of_nom
In the Mood for Love,Wong Kar-wai,2000,49
Mulholland Drive,David Lynch,2001,47
There Will Be Blood,Paul Thomas Anderson,2007,35
Spirited Away,Hayao Miyazaki,2001,34
Boyhood,Richard Linklater,2014,30
Eternal Sunshine of the Spotless Mind,Michel Gondry,2004,29
A Separation,Asghar Farhadi,2011,28
The Tree of Life,Terrence Malick,2011,23
Yi Yi: A One and a Two,Edward Yang,2000,22
No Country For Old Men,Joel and Ethan Coen,2007,21
Inside Llewyn Davis,Joel and Ethan Coen,2013,20
Children of Men,Alfonso Cuarón,2006,18
"4 Months,3 Weeks & 2 Days",Cristian Mungiu,2007,17
Pan's Labyrinth,Guillermo Del Toro,2006,17
The Act of Killing,Joshua Oppenheimer,2012,16
Holy Motors,Leos Carax,2012,16
Zodiac,David Fincher,2007,15
Mad Max: Fury Road,George Miller,2015,14
The White Ribbon,Michael Haneke,2009,13
Caché,Michael Haneke,2005,13
Talk to Her,Pedro Almodóvar,2002,13
The Social Network,David Fincher,2010,13
The Grand Budapest Hotel,Wes Anderson,2014,12
Lost in Translation,Sofia Coppola,2003,12
25th Hour,Spike Lee,2002,12
"Synecdoche,New York",Charlie Kaufman,2008,12
Brokeback Mountain,Ang Lee,2005,11
WALL-E,Andrew Stanton,2008,11
Memento,Christopher Nolan,2000,11
Oldboy,Park Chan-wook,2003,11
City of God,Fernando Meirelles and Kátia Lund,2002,10
Son of Saul,László Nemes,2015,10
Inglourious Basterds,Quentin Tarantino,2009,10
The Lives of Others,Florian Henckel von Donnersmarck,2006,10
Leviathan,Andrey Zvyagintsev,2014,10
12 Years a Slave,Steve McQueen,2013,10
The Master,Paul Thomas Anderson,2012,10
The Dark Knight,Christopher Nolan,2008,9
Certified Copy,Abbas Kiarostami,2010,9
Margaret,Kenneth Lonergan,2011,9
Uncle Boonmee Who Can Recall His Past Lives,Apichatpong Weerasethakul,2010,9
Timbuktu,Abderrahmane Sissako,2014,9
A Serious Man,Joel and Ethan Coen,2009,8
Inside Out,Pete Docter,2015,8
"Crouching Tiger,Hidden Dragon",Ang Lee,2000,8
Amour,Michael Haneke,2012,8
Tabu,Miguel Gomes,2012,8
The New World,Terrence Malick,2004,8
Inception,Christopher Nolan,2010,7
Blue Is the Warmest Color,Abdellatif Kechiche,2013,7
Only Lovers Left Alive,Jim Jarmusch,2013,7
Under the Skin,Jonathan Glazer,2013,7
A Prophet,Jacques Audiard,2009,7
Spring Breakers,Harmony Korine,2012,7
Melancholia,Lars von Trier,2011,7
Once Upon a Time in Anatolia,Nuri Bilge Ceylan,2011,7
The Royal Tenenbaums,Wes Anderson,2001,7
Moulin Rouge!,Baz Luhrmann,2001,6
The Great Beauty,Paolo Sorrentino,2013,6
A History of Violence,David Cronenberg,2005,6
Stories We Tell,Sarah Polley,2012,6
The Headless Woman,Lucrecia Martel,2008,6
Carol,Todd Haynes,2015,6
Ida,PaweÅ Pawlikowski,2013,6
Elephant,Gus Van Sant,2003,6
Her,Spike Jonze,2013,6
Brooklyn,John Crowley,2015,6
Tropical Malady,Apichatpong Weerasethakul,2004,6
Toni Erdmann,Maren Ade,2016,6
The Hurt Locker,Kathryn Bigelow,2008,6
Goodbye to Language,Jean-Luc Godard,2014,6
The Turin Horse,Béla Tarr and Ágnes Hranitzky,2011,6
Far From Heaven,Todd Haynes,2002,5
35 Shots of Rum,Claire Denis,2008,5
Selma,Ava DuVernay,2014,5
Moonrise Kingdom,Wes Anderson,2012,5
The Return,Andrey Zvyagintsev,2003,5
The Diving Bell and the Butterfly,Julian Schnabel,2007,5
Zero Dark Thirty,Kathryn Bigelow,2012,5
Femme Fatale,Brian De Palma,2002,5
Moolaadé,Ousmane Sembèène,2004,5
The Assassin,Hou Hsiao-hsien,2015,5
Borat: Cultural Learnings of America for Make Benefit Glorious Nation of Kazakhstan,Larry Charles,2006,5
Syndromes and a Century,Apichatpong Weerasethakul,2006,5
Fish Tank,Andrea Arnold,2009,5
Birdman,Alejandro González Iñárritu,2014,5
The Son,Jean-Pierre and Luc Dardenne,2002,5
Amélie,Jean-Pierre Jeunet,2001,5
Dogville,Lars von Trier,2003,5
Before Sunset,Richard Linklater,2004,5
"Kill Bill: Vol,1",Quentin Tarantino,2003,5
Ten,Abbas Kiarostami,2002,4
The Look of Silence,Joshua Oppenheimer,2014,4
Spotlight,Tom McCarthy,2015,4
Weekend,Andrew Haigh,2011,4
Grizzly Man,Werner Herzog,2005,4
Fruitvale Station,Ryan Coogler,2013,4
AI: Artificial Intelligence,Steven Spielberg,2001,4
Almost Famous,Cameron Crowe,2000,4
The Artist,Michel Hazanavicius,2011,4
Nostalgia for the Light,Patricio Guzmán,2010,4
A Touch of Sin,Jia Zhangke,2013,4
Secret Sunshine,Lee Chang-dong,2007,4
Ratatouille,Brad Bird and Jan Pinkava,2007,4
Inherent Vice,Paul Thomas Anderson,2014,4
Russian Ark,Aleksandr Sokurov,2002,4
Finding Nemo,Andrew Stanton and Lee Unkrich,2003,4
Casino Royale,Martin Campbell,2006,4
The Wolf of Wall Street,Martin Scorsese,2013,4
Amores Perros,Alejandro González Iñárritu,2000,4
Werckmeister Harmonies,Béla Tarr and Ágnes Hranitzky,2000,4
Shame,Steve McQueen,2011,4
The Gleaners and I,Agnès Varda,2000,4
Fantastic Mr Fox,Wes Anderson,2009,4
Waltz with Bashir,Ari Folman,2008,4
"Spring,Summer,Fall,Winter…and Spring",Kim Ki-duk,2003,4
The Death of Mr Lazarescu,Cristi Puiu,2005,3
Memories of Murder,Bong Joon-ho,2003,3
"O Brother,Where Art Thou?",Joel and Ethan Coen,2000,3
Tey,Alain Gomis,2012,3
Silver Linings Playbook,David O. Russell,2012,3
Persepolis,Vincent Paronnaud and Marjane Satrapi,2007,3
Phoenix,Christian Petzold,2014,3
You Can Count On Me,Kenneth Lonergan,2000,3
Enter the Void,Gaspar Noé,2009,3
Let the Right One In,Tomas Alfredson,2008,3
No,Pablo Larraín,2012,3
The Assassination of Jesse James by the Coward Robert Ford,Andrew Dominik,2007,3
White Material,Claire Denis,2009,3
Nebraska,Alexander Payne,2013,3
Letters From Iwo Jima,Clint Eastwood,2006,3
We Need to Talk About Kevin,Lynne Ramsay,2011,3
Platform,Jia Zhangke,2000,3
Punch-Drunk Love,Paul Thomas Anderson,2002,3
Y Tu Mamá También,Alfonso Cuarón,2001,3
Winter Sleep,Nuri Bilge Ceylan,2014,3
Bridesmaids,Paul Feig,2011,3
Mia Madre,Nanni Moretti,2015,3
Man on Wire,James Marsch,2008,3
Blue Valentine,Derek Cianfrance,2010,3
Still Life,Jia Zhangke,2006,3
Carlos,Olivier Assayas,2010,3
A Pigeon Sat on a Branch Reflecting on Existence,Roy Andersson,2014,3
It's Such a Beautiful Day,Don Hertzfeldt,2012,3
Wild Tales,Damián Szifrón,2014,3
Gravity,Alfonso Cuarón,2013,3
The Pianist,Roman Polanski,2002,3
Pulse,Kiyoshi Kurosawa,2001,3
Manchester by the Sea,Kenneth Lonergan,2016,3
About Elly,Asghar Farhadi,2009,3
District 9,Neill Blomkamp,2009,3
American Psycho,Mary Harron,2000,3
Mommy,Xavier Dolan,2014,3
Distant,Nuri Bilge Ceylan,2002,3
Somewhere,Sofia Coppola,2010,3
Million Dollar Baby,Clint Eastwood,2004,3
My Winnipeg,Guy Maddin,2007,3
Mother,Bong Joon-ho,2009,3
Still Walking,Hirokazu Koreeda,2008,3
Adaptation,Spike Jonze,2002,3
The Last of the Unjust,Claude Lanzmann,2013,3
The Incredibles,Brad Bird,2004,3
The Secret in Their Eyes,Juan José Campanella,2009,3
Toy Story 3,Lee Unkrich,2010,3
The World,Jia Zhangke,2004,3
Requiem for a Dream,Darren Aronofsky,2000,3
Donnie Darko,Richard Kelly,2001,3
Dogtooth,Yorgos Lanthimos,2009,2
United 93,Paul Greengrass,2006,2
The Comedy,Rick Alverson,2012,2
Paradise Now,Hany Abu-Assad,2005,2
Lilya 4-Ever,Lukas Moodysson,2002,2
Film socialisme,Jean-Luc Godard,2010,2
Munich,Steven Spielberg,2005,2
Gladiator,Ridley Scott,2000,2
The Congress,Ari Folman,2013,2
24 Hour Party People,Michael Winterbottom,2002,2
Good Bye Lenin!,Wolfgang Becker,2003,2
Love & Basketball,Gina Prince-Bythewood,2000,2
Frances Ha,Noah Baumbach,2012,2
Animal Kingdom,David Michôd,2010,2
Whiplash,Damien Chazelle,2014,2
Tropic Thunder,Ben Stiller,2008,2
The Deep Blue Sea,Terence Davies,2011,2
Colossal Youth,Pedro Costa,2006,2
Short Term 12,Destin Daniel Cretton,2013,2
I Am Love,Luca Guadagnino,2009,2
Sideways,Alexander Payne,2004,2
Mysteries of Lisbon,Raoul Ruiz,2010,2
The Child,Jean-Pierre and Luc Dardenne,2005,2
Sexy Beast,Jonathan Glazer,2000,2
Tie Xi Qu: West of the Tracks,Wang Bing,2002,2
Good Night and Good Luck,George Clooney,2005,2
Days of Glory,Rachid Bouchareb,2006,2
Che,Steven Soderbergh,2008,2
Millennium Mambo,Hou Hsiao-hsien,2001,2
The Intruder,Claire Denis,2004,2
Wendy and Lucy,Kelly Reichardt,2008,2
Ghost World,Terry Zwigoff,2001,2
Eden,Mia Hansen-Løve,2014,2
The Wrestler,Darren Aronofsky,2008,2
Morvern Callar,Lynne Ramsay,2002,2
Avatar,James Cameron,2009,2
Gosford Park,Robert Altman,2001,2
The Circle,Jafar Panahi,2000,2
Bad Education,Pedro Almodóvar,2005,2
Red Road,Andrea Arnold,2006,2
Maqbool,Vishal Bhardwaj,2003,2
Michael Clayton,Tony Gilroy,2007,2
Hero,Zhang Yimou,2002,2
Idiocracy,Mike Judge,2006,2
Beasts of the Southern Wild,Benh Zeitlin,2012,2
Waking Life,Richard Linklater,2001,2
Café Lumière,Hou Hsiao-hsien,2003,2
Birth,Jonathan Glazer,2004,2
Traffic,Steven Soderbergh,2000,2
The Lord of the Rings: The Fellowship of the Ring,Peter Jackson,2001,2
Brick,Rian Johnson,2005,2
Before Midnight,Richard Linklater,2013,2
Silent Souls,Aleksey Fedorchenko,2010,2
Lagaan: Once Upon a Time in India,Ashutosh Gowariker,2001,2
Waiting for Happiness,Abderrahmane Sissako,2002,2
2046,Wong Kar-wai,2004,2
Drive,Nicolas Winding Refn,2011,2
The Son's Room,Nanni Moretti,2001,2
"You,The Living",Roy Andersson,2007,2
Attack the Block,Joe Cornish,2011,2
The Curious Case of Benjamin Button,David Fincher,2008,2
Vera Drake,Mike Leigh,2004,2
Minority Report,Steven Spielberg,2002,2
The Ghost Writer,Roman Polanski,2010,2
Ex Machina,Alex Garland,2015,2
"Norte,the End of History",Lav Diaz,2013,2
World of Tomorrow,Don Hertzfeldt,2015,2
Hard to Be a God,Aleksey German,2013,2
Infernal Affairs,Andrew Lau and Alan Mak,2002,2
Dancer in the Dark,Lars von Trier,2000,2
Fat Girl,Catherine Breillat,2001,2
Bowling for Columbine,Michael Moore,2002,2
The Babadook,Jennifer Kent,2014,2
3-Iron,Kim Ki-duk,2004,2
Antichrist,Lars von Trier,2009,2
The Departed,Martin Scorsese,2006,2
The Story of Marie and Julien,Jacques Rivette,2003,2
Monsoon Wedding,Mira Nair,2001,2
No Man's Land,Danis Tanovic,2001,2
Like Someone In Love,Abbas Kiarostami,2012,2
Three Times,Hou Hsiao-hsien,2005,1
Kiss Kiss Bang Bang,Shane Black,2005,1
I Don't Want to Sleep Alone,Tsai Ming-liang,2006,1
Four Lions,Christopher Morris,2010,1
A Time for Drunken Horses,Bahman Ghobadi,2000,1
Gangs of Wasseypur,Anurag Kashyap,2012,1
678,Mohamed Diab,2010,1
Hijack Stories,Oliver Schmitz,2000,1
Shrek,Andrew Adamson and Vicky Jenson,2001,1
Miners Shot Down,Rehad Desai,2014,1
House of Flying Daggers,Zhang Yimou,2004,1
Making Of,Nouri Bouzid,2006,1
Frontier of Dawn,Philippe Garrel,2008,1
The Taste of Others,Agnès Jaoui,2000,1
High Fidelity,Stephen Frears,2000,1
Kings and Queen,Arnaud Desplechin,2004,1
The Gatekeepers,Dror Moreh,2012,1
The Forest for the Trees,Maren Ade,2003,1
Un lac,Philippe Grandrieux,2008,1
Instructions for a Light and Sound Machine,Peter Tscherkassky,2005,1
Kung Fu Hustle,Stephen Chow,2004,1
Lifeline,Víctor Erice,2002,1
Love Actually,Richard Curtis,2003,1
Woman on the Beach,Hong Sang-soo,2006,1
Miami Vice,Michael Mann,2006,1
Alexandre Sokurov,Aleksandr Sokurov,2015,1
Winter's Bone,Debra Granik,2010,1
The Sun Also Rises,Jiang Wen,2007,1
Chicago,Rob Marshall,2002,1
Crank,Mark Neveldine and Brian Taylor,2006,1
The Hours,Stephen Daldry,2002,1
Theeb,Naji Abou Nowar,2014,1
Los Angeles Plays Itself,Thom Andersen,2003,1
Anchorman: The Legend of Ron Burgundy,Adam McKay,2004,1
Moon,Duncan Jones,2009,1
Cosmos,Andrzej Zulawski,2015,1
This Is England,Shane Meadows,2006,1
The Skin I Live In,Pedro Almodóvar,2011,1
Team America: World Police,Trey Parker,2004,1
What Time Is It There?,Tsai Ming-liang,2001,1
Jackass 3D,Jeff Tremaine,2010,1
Blissfully Yours,Apichatpong Weerasethakul,2002,1
The Time That Remains,Elia Suleiman,2009,1
Girlhood,Céline Sciamma,2014,1
"Police,Adjective",Corneliu Porumboiu,2009,1
5x2,François Ozon,2004,1
Rust and Bone,Jacques Audiard,2012,1
Godzilla,Gareth Edwards,2014,1
The Box of Life,Ossama Mohammed,2002,1
Men at Work,Mani Haghighi,2006,1
My Heart Beats Only for Her,Mohamed Soueid,2009,1
Arabian Nights: Volume 1 – The Restless One,Miguel Gomes,2015,1
"I Travel Because I Have To,I Come Back Because I Love You",Karim Aïnouz and Marcelo Gomes,2009,1
Once,John Carney,2007,1
The Magdalene Sisters,Peter Mullan,2002,1
Be Kind Rewind,Michel Gondry,2008,1
Father of My Children,Mia Hansen-Løve,2009,1
Silent Light,Carlos Reygadas,2007,1
Kill List,Ben Wheatley,2011,1
Hotel Rwanda,Terry George,2004,1
Millennium Actress,Satoshi Kon,2001,1
The Lord of the Rings: The Return of the King,Peter Jackson,2003,1
Beginners,Mike Mills,2010,1
Cast Away,Robert Zemeckis,2000,1
A Vingança de Uma Mulher,Rita Azevedo Gomes,2012,1
Wet Hot American Summer,David Wain,2001,1
Summer Hours,Olivier Assayas,2008,1
Knight of Cups,Terrence Malick,2015,1
Mr Turner,Mike Leigh,2014,1
Bright Star,Jane Campion,2009,1
Step Brothers,Adam McKay,2008,1
The Consequences of Love,Paolo Sorrentino,2004,1
Detention,Joseph Kahn,2011,1
The Prestige,Christopher Nolan,2006,1
Before the Devil Knows You're Dead,Sidney Lumet,2007,1
Sin Nombre,Cary Joji Fukunaga,2009,1
Journey to the West,Tsai Ming-liang,2014,1
Lost and Beautiful,Pietro Marcello,2015,1
In the Family,Patrick Wang,2011,1
La Ciénaga,Lucrecia Martel,2001,1
From What Is Before,Lav Diaz,2014,1
The Sky Trembles and the Earth Is Afraid and the Two Eyes Are Not Brothers,Ben Rivers,2015,1
Caramel,Nadine Labaki,2007,1
Babel,Alejandro González Iñárritu,2006,1
Locke,Steven Knight,2013,1
The Yards,James Gray,2000,1
The House of Mirth,Terence Davies,2000,1
Oasis,Lee Chang-dong,2002,1
All Divided Selves,Luke Fowler,2011,1
The Tiger and the Snow,Roberto Benigni,2005,1
Beyond the Hills,Cristian Mungiu,2012,1
Secret Things,Jean-Claude Brisseau,2002,1
The 3 Rooms of Melancholia,Pirjo Honkasalo,2004,1
Taxi Tehran,Jafar Panahi,2015,1
The Captive,Chantal Akerman,2000,1
Monster,Patty Jenkins,2003,1
Poetry,Lee Chang-dong,2010,1
The Namesake,Mira Nair,2006,1
Master and Commander: The Far Side of the World,Peter Weir,2003,1
Elena,Andrey Zvyagintsev,2011,1
Incendies,Denis Villeneuve,2010,1
Song of the Sea,Tomm Moore,2014,1
The Edge of Heaven,Fatih Akin,2007,1
The Beat That My Heart Skipped,Jacques Audiard,2005,1
Revolutionary Road,Sam Mendes,2008,1
Gerry,Gus Van Sant,2002,1
Bend It Like Beckham,Gurinder Chadha,2002,1
Shara,Naomi Kawase,2003,1
Take This Waltz,Sarah Polley,2011,1
Sita Sings the Blues,Nina Paley,2008,1
"Monsters,Inc","Pete Docter,David Silverman and Lee Unkrich",2001,1
The Arbor,Clio Barnard,2010,1
The Clock,Christian Marclay,2010,1
"Goodbye,Dragon Inn",Tsai Ming-liang,2003,1
To Die Like a Man,João Pedro Rodrigues,2009,1
Twixt,Francis Ford Coppola,2011,1
Japon,Carlos Reygadas,2002,1
Climates,Nuri Bilge Ceylan,2006,1
Match Point,Woody Allen,2005,1
You Will Meet a Tall Dark Stranger,Woody Allen,2010,1
Burning Bush,Agnieszka Holland,2013,1
Bad Lieutenant: Port of Call New Orleans,Werner Herzog,2009,1
Barbara,Christian Petzold,2012,1
A Tale of Two Sisters,Kim Jee-woon,2003,1
Meek's Cutoff,Kelly Reichardt,2010,1
Battle Royale,Kinji Fukasaku,2000,1
Hedwig and the Angry Inch,John Cameron Mitchell,2001,1
The Hateful Eight,Quentin Tarantino,2015,1
Captain America: Winter Soldier,Anthony and Joe Russo,2014,1
Samson & Delilah,Warwick Thornton,2009,1
Warming by the Devil's Fire,Charles Burnett,2003,1
Michelangelo Eye to Eye,Michelangelo Antonioni,2004,1
Star Wars: Episode VII – The Force Awakens,J. J. Abrams,2015,1
The Strange Case of Angelica,Manoel de Oliveira,2010,1
The Romance of Astrea and Celadon,Éric Rohmer,2009,1
Songs from the Second Floor,Roy Andersson,2000,1
No Home Movie,Chantal Akerman,2015,1
You Ain’t Seen Nothin’ Yet,Alain Resnais,2012,1
Night Will Fall,André Singer,2014,1
The Lobster,Yorgos Lanthimos,2015,1
The Queen,Stephen Frears,2006,1
When I Saw You,Annemarie Jacir,2012,1
Bone Tomahawk,S. Craig Zahler,2015,1
A Girl Walks Home Alone at Night,Ana Lily Amirpour,2014,1
The Imposter,Bart Layton,2012,1
Dirty Pretty Things,Stephen Frears,2002,1
A Borrowed Identity,Eran Riklis,2014,1
Young Adult,Jason Reitman,2011,1
Alpha Dog,Nick Cassavetes,2006,1
Gett: The Trial of Viviane Amselem,Ronit Elkabetz and Shlomi Elkabetz,2014,1
Django Unchained,Quentin Tarantino,2012,1
Best in Show,Christopher Guest,2000,1
The Baader Meinhof Complex,Uli Edel,2008,1
The Man Without A Past,Aki Kaurismäki,2002,1
I’m Going Home,Manoel de Oliveira,2001,1
Neighboring Sounds,Kleber Mendonça Filho,2012,1
99 Homes,Ramin Bahrani,2014,1
The Band’s Visit,Eran Kolirin,2007,1
Time Out,Laurent Cantet,2001,1
Human,Yann Arthus-Bertrand,2015,1
Wild,Jean-Marc Vallée,2014,1
Two Lovers,James Gray,2008,1
The King’s Speech,Tom Hooper,2010,1
The Blind Swordsman: Zatoichi,Takeshi Kitano,2003,1
Heaven's Story,Takahisa Zeze,2010,1
Cave of Forgotten Dreams,Werner Herzog,2010,1
Evolution of a Filipino Family,Lav Diaz,2004,1
Love & Friendship,Whit Stillman,2016,1
The Host,Bong Joon-ho,2006,1
"Kill Bill: Vol,2",Quentin Tarantino,2004,1
The Avengers,Joss Whedon,2012,1
Ezra,Newton I. Aduaka,2007,1
Sweet Sixteen,Ken Loach,2002,1
The Three Burials of Melquiades Estrada,Tommy Lee Jones,2005,1
Life of Pi,Ang Lee,2012,1
Yossi & Jagger,Eytan Fox,2002,1
Footnote,Joseph Cedar,2011,1
The Matchmaker,Avi Nesher,2010,1
Coma,Sara Fattahi,2015,1
The Future,Miranda July,2011,1
Heaven Knows What,Josh and Benny Safdie,2014,1
Butter on the Latch,Josephine Decker,2013,1
In Praise of Love,Jean-Luc Godard,2001,1
Thithi,Raam Reddy,2015,1
Lincoln,Steven Spielberg,2012,1
Mystic River,Clint Eastwood,2003,1
Katyn,Andrzej Wajda,2007,1
7 Letters,"Boo Junfeng,Eric Khoo,Jack Neo,K. Rajagopal,Tan Pin Pin,Royston Tan and Kelvin Tong",2015,1
Take Shelter,Jeff Nichols,2011,1
Nightcrawler,Dan Gilroy,2014,1
Collateral,Michael Mann,2004,1
Girl Walk: All Day,Jacob Krupnick,2011,1
The Wind Rises,Hayao Miyazaki,2013,1
Actress,Robert Greene,2014,1
An Injury to One,Travis Wilkerson,2002,1
American Splendor,Robert Pulcini and Shari Springer Berman,2003,1
How to Survive a Plague,David France,2012,1
Hooligan Sparrow,Nanfu Wang,2016,1
American Hustle,David O. Russell,2013,1
5 Broken Cameras,Emad Burnat and Guy Davidi,2011,1
Sembène!,Samba Gadjigo and Jason Silverman,2015,1
Something Necessary,Judy Kibinge,2013,1
A Letter to Nelson Mandela,Khalo Matabane,2013,1
The Stuart Hall Project,John Akomfrah,2013,1
Eldorado,Bouli Lanners,2008,1
Nobody Knows,Hirokazu Koreeda,2004,1
The Five Obstructions,Jørgen Leth and Lars von Trier,2003,1
After the Wedding,Susanne Bier,2006,1
Irreversible,Gaspar Noé,2002,1
Belle,Amma Asante,2013,1
Conversations on a Sunday Afternoon,Khalo Matabane,2005,1
These Encounters of Theirs,Danièle Huillet and Jean-Marie Straub,2006,1
Oh! Man,Yervant Gianikian and Angela Ricci Lucchi,2004,1
Terra,Marco De Angelis and Antonio Di Trapani,2015,1
Sangue,Pippo Delbono,2013,1
At the First Breath of Wind,Franco Piavoli,2003,1
Storia di una donna amata e di un assassino gentile,Luigi M. Faccini,2009,1
Gostanza da Libbiano,Paolo Benvenuti,2000,1
The Profession of Arms,Ermanno Olmi,2001,1
Le quattro volte,Michelangelo Frammartino,2010,1
Vincere,Marco Bellocchio,2009,1
The Bourne Ultimatum,Paul Greengrass,2007,1
Restless City,Andrew Dosunmu,2011,1
Tony Manero,Pablo Larraín,2008,1
Lourdes,Jessica Hausner,2009,1
The Piano Teacher,Michael Haneke,2001,1
Frozen River,Courtney Hunt,2008,1
Snow White,Pablo Berger,2012,1
Fados,Carlos Saura,2007,1
Sparrow,Johnnie To,2008,1
Night Across the Street,Raoul Ruiz,2012,1
The White Meadows,Mohammad Rasoulof,2009,1
Black Swan,Darren Aronofsky,2010,1
Tinker Tailor Soldier Spy,Tomas Alfredson,2011,1
Primer,Shane Carruth,2004,1
"La commune (Paris,1871)",Peter Watkins,2000,1
The Colonial Misunderstanding,Jean-Marie Téno,2004,1
Red Leaves,Bazi Gete,2014,1
Shoot the Messenger,Ngozi Onwurah,2006,1
"Sexe,gombo et beurre salé",Mahamat-Saleh Haroun,2008,1
Cuba: An African Odyssey,Jihan El-Tahri,2007,1
Manakamana,Pacho Velez and Stephanie Spray,2013,1
Star Wars: Episode III – Revenge of the Sith,George Lucas,2005,1
The Hunt,Thomas Vinterberg,2012,1
The Orphanage,J. A. Bayona,2007,1
Extraordinary Stories,Mariano Llinás,2008,1
Another Year,Mike Leigh,2010,1
Madagascar 3: Europe's Most Wanted,"Eric Darnell,Tom McGrath and Conrad Vernon",2012,1
Anomalisa,Duke Johnson and Charlie Kaufman,2015,1
Bamboozled,Spike Lee,2000,1
Almayer's Folly,Chantal Akerman,2011,1
This Is the End,Evan Goldberg and Seth Rogen,2013,1
A Single Man,Tom Ford,2009,1
Inland Empire,David Lynch,2006,1
Battle in Heaven,Carlos Reygadas,2005,1
Senna,Asif Kapadia,2010,1
Sympathy for Mr Vengeance,Park Chan-wook,2002,1
As I Was Moving Ahead Occasionally I Saw Brief Glimpses of Beauty,Jonas Mekas,2000,1
Gran Torino,Clint Eastwood,2008,1
Middle of Nowhere,Ava DuVernay,2012,1
"Eat,Sleep,Die",Gabriela Pichler,2012,1
Hunger,Steve McQueen,2008,1
Lumumba,Raoul Peck,2000,1
Dreams of a Life,Carol Morley,2011,1
Seventh Code,Kiyoshi Kurosawa,2013,1
Déjà Vu,Tony Scott,2006,1
Death Proof – Grindhouse,Quentin Tarantino,2007,1
Horse Money,Pedro Costa,2014,1
Triple Agent,Éric Rohmer,2004,1
Of Gods and Men,Xavier Beauvois,2010,1
Notre musique,Jean-Luc Godard,2004,1
Tangerine,Sean Baker,2015,1
Closed Curtain,Jafar Panahi,2013,1
Stray Dogs,Tsai Ming-liang,2013,1
When the Levees Broke: A Requiem in Four Acts,Spike Lee,2006,1
Pain & Gain,Michael Bay,2013,1
Gone Girl,David Fincher,2014,1
Me and You and Everyone We Know,Miranda July,2005,1
The Lady and the Duke,Éric Rohmer,2001,1
Star Trek,J. J. Abrams,2009,1
Into Great Silence,Philip Gröning,2005,1
Archipelago,Joanna Hogg,2010,1
Where Do We Go Now?,Nadine Labaki,2011,1
The Days When I Do Not Exist,Jean-Charles Fitoussi,2002,1
Regular Lovers,Philippe Garrel,2005,1
Sumas y Restas,Víctor Gaviria,2004,1
My Golden Days,Arnaud Desplechin,2015,1
In Vanda’s Room,Pedro Costa,2000,1
Everyone Else,Maren Ade,2009,1
Coming Home,Zhang Yimou,2014,1
Chakde! India,Shimit Amin,2007,1
Ajami,Scandar Copti and Yaron Shani,2009,1
The Sapphires,Wayne Blair,2012,1
The Descendants,Alexander Payne,2011,1
Quills,Philip Kaufman,2000,1
Hugo,Martin Scorsese,2011,1
Mosaik mécanique,Norbert Pfaffenbichler,2008,1
The Holy Girl,Lucrecia Martel,2004,1
The External World,David O'Reilly,2010,1
I’m Not There,Todd Haynes,2007,1
Longing,Valeska Grisebach,2006,1
Wolff Von Amerongen: Did He Commit Bankruptcy Offences?,Gerhard Benedikt Friedl,2004,1
You Can Count on Me Me,Kenneth Lonergan,2000,1
Hazaaron Khwaishein Aisi,Sudhir Mishra,2003,1
Udaan,Vikramaditya Motwane,2010,1
Paan Singh Tomar,Tigmanshu Dhulia,2012,1
Adventureland,Greg Mottola,2009,1
Talladega Nights: The Ballad of Ricky Bobby,Adam McKay,2006,1
Listen to Me Marlon,Stevan Riley,2015,1
Three Monkeys,Nuri Bilge Ceylan,2008,1
Apocalypto,Mel Gibson,2006,1
Sicario,Denis Villeneuve,2015,1
Love Exposure,Sion Sono,2008,1
In Jackson Heights,Frederick Wiseman,2015,1
Profit Motive and the Whispering Wind,John Gianvito,2007,1
Open Range,Kevin Costner,2003,1
"Right Now,Wrong Then",Hong Sang-soo,2015,1
Dev D,Anurag Kashyap,2009,1
Nine Queens,Fabián Bielinsky,2000,1
Jersey Boys,Clint Eastwood,2014,1
The Squid and the Whale,Noah Baumbach,2005,1
Head-On,Fatih Akin,2004,1
Shaun of the Dead,Edgar Wright,2004,1
Frozen,Chris Buck and Jennifer Lee,2013,1
Spider-Man 2,Sam Raimi,2004,1
Crimson Gold,Jafar Panahi,2003,1
Divine Intervention,Elia Suleiman,2002,1
Centochiodi,Ermanno Olmi,2007,1
Chuck & Buck,Miguel Arteta,2000,1
The Century of the Self,Adam Curtis,2002,1
This Is Not a Film,Mojtaba Mirtahmasb and Jafar Panahi,2011,1
"LSD: Love,Sex Aur Dhokha",Dibakar Banerjee,2010,1
Court,Chaitanya Tamhane,2014,1
Ankhon Dekhi,Rajat Kapoor,2013,1
Our Daily Bread,Nikolaus Geyrhalter,2005,1
The Fourth Watch,Janie Geiser,2000,1
A Commuter’s Life (What a Life!),Ernie Gehr,2014,1
Daylight Moon,Lewis Klahr,2002,1
Psalm III: 'Night of the Meek',Phil Solomon,2002,1
Capitalism: Child Labor,Ken Jacobs,2007,1
Le filmeur,Alain Cavalier,2005,1
The Revenant,Alejandro González Iñárritu,2015,1
Import Export,Ulrich Seidl,2007,1
Saraband,Ingmar Bergman,2003,1
Shutter Island,Martin Scorsese,2010,1
Aurora,Cristi Puiu,2010,1
Story of My Death,Albert Serra,2013,1
Stranger by the Lake,Alain Guiraudie,2013,1
Even If She Had Been a Criminal...,Jean-Gabriel Périot,2006,1
Heart of a Dog,Laurie Anderson,2015,1
"Lust,Caution",Ang Lee,2007,1
