,properties.name,properties.article,properties.headline
0,Argentina,<div id='director'><P>Lucrecia Martel: 3 movies</p><p> Gaspar Noé: 2 movies</p><p> Damián Szifron: 1 movie</p><p> Fabián Bielinsky: 1 movie</p><p> Juan José Campanella: 1 movie</p><p> Mariano Llinás: 1 movie</P></div>,9 movies
1,Australia,<div id='director'><P>Baz Luhrmann: 1 movie</p><p> George Miller: 1 movie</p><p> Peter Weir: 1 movie</p><p> Warwick Thornton: 1 movie</p><p> Wayne Blair: 1 movie</P></div>,5 movies
2,Austria,<div id='director'><P>Jessica Hausner: 1 movie</p><p> Nikolaus Geyrhalter: 1 movie</p><p> Peter Tscherkassky: 1 movie</P></div>,3 movies
3,Belgium,<div id='director'><P>Chantal Akerman: 3 movies</p><p> Jean-Pierre Dardenne: 2 movies</p><p> Bouli Lanners: 1 movie</P></div>,6 movies
4,Bolivia,<div id='director'><P>Anthony Stabley: 1 movie</P></div>,1 movie
5,Brazil,<div id='director'><P>Fernando Meirelles: 1 movie</p><p> Kleber Mendonça Filho: 1 movie</P></div>,2 movies
6,Cameroon,<div id='director'><P>Jean-Marie Téno: 1 movie</P></div>,1 movie
7,Canada,<div id='director'><P>Denis Villeneuve: 2 movies</p><p> David Cronenberg: 1 movie</p><p> Guy Maddin: 1 movie</p><p> James Cameron: 1 movie</p><p> Jane Hancock: 1 movie</p><p> Jason Reitman: 1 movie</p><p> Jean-Marc Vallée: 1 movie</p><p> Mary Harron: 1 movie</p><p> Xavier Dolan: 1 movie</P></div>,10 movies
8,Chile,<div id='director'><P>Pablo Larraín: 2 movies</p><p> Raoul Ruiz: 2 movies</p><p> Patricio Guzmán: 1 movie</P></div>,5 movies
9,China,<div id='director'><P>Hsiao-Hsien Hou: 4 movies</p><p> Zhangke Jia: 4 movies</p><p> Yimou Zhang: 3 movies</p><p> Kar-Wai Wong: 2 movies</p><p> Andrew Lau Wai-Keung: 1 movie</p><p> Bing Wang: 1 movie</p><p> Johnnie To: 1 movie</p><p> Kaige Chen: 1 movie</p><p> Stephen Chow: 1 movie</p><p> Wen Jiang: 1 movie</P></div>,19 movies
10,Denmark,<div id='director'><P>Lars von Trier: 4 movies</p><p> Jørgen Leth: 1 movie</p><p> Nicolas Winding Refn: 1 movie</p><p> Susanne Bier: 1 movie</p><p> Thomas Vinterberg: 1 movie</P></div>,8 movies
11,Ecuador,<div id='director'><P>Mike Judge: 1 movie</P></div>,1 movie
12,Finland,<div id='director'><P>Pirjo Honkasalo: 1 movie</P></div>,1 movie
13,France,<div id='director'><P>Jean-Luc Godard: 4 movies</p><p> Claire Denis: 3 movies</p><p> Jacques Audiard: 3 movies</p><p> Éric Rohmer: 3 movies</p><p> Arnaud Desplechin: 2 movies</p><p> Michel Gondry: 2 movies</p><p> Philippe Garrel: 2 movies</p><p> Roman Polanski: 2 movies</p><p> Agnès Jaoui: 1 movie</p><p> Alain Cavalier: 1 movie</p><p> Alain Gomis: 1 movie</p><p> Alain Guiraudie: 1 movie</p><p> Catherine Breillat: 1 movie</p><p> Claude Lanzmann: 1 movie</p><p> Danièle Huillet: 1 movie</p><p> François Ozon: 1 movie</p><p> Jacques Rivette: 1 movie</p><p> Jean-Charles Fitoussi: 1 movie</p><p> Jean-Claude Brisseau: 1 movie</p><p> Jean-Pierre Jeunet: 1 movie</p><p> Laurent Cantet: 1 movie</p><p> Leos Carax: 1 movie</p><p> Mia Hansen-Løve: 1 movie</p><p> Michel Hazanavicius: 1 movie</p><p> Olivier Assayas: 1 movie</p><p> Philippe Grandrieux: 1 movie</p><p> Rachid Bouchareb: 1 movie</p><p> Vincent Paronnaud: 1 movie</p><p> Xavier Beauvois: 1 movie</p><p> Yann Arthus-Bertrand: 1 movie</P></div>,43 movies
14,Germany,<div id='director'><P>Michael Haneke: 4 movies</p><p> Maren Ade: 3 movies</p><p> Werner Herzog: 3 movies</p><p> Christian Petzold: 2 movies</p><p> Fatih Akin: 2 movies</p><p> Florian Henckel von Donnersmarck: 1 movie</p><p> Philip Gröning: 1 movie</p><p> Uli Edel: 1 movie</p><p> Valeska Grisebach: 1 movie</p><p> Wolfgang Becker: 1 movie</P></div>,19 movies
15,Greece,<div id='director'><P>Yorgos Lanthimos: 2 movies</P></div>,2 movies
16,Haiti,<div id='director'><P>Raoul Peck: 1 movie</P></div>,1 movie
17,Hungary,<div id='director'><P>Béla Tarr: 2 movies</p><p> László Nemes: 1 movie</P></div>,3 movies
18,India,<div id='director'><P>Anurag Kashyap: 2 movies</p><p> Mira Nair: 2 movies</p><p> Vikramaditya Motwane: 1 movie</P></div>,5 movies
19,Iran,<div id='director'><P>Jafar Panahi: 4 movies</p><p> Abbas Kiarostami: 2 movies</p><p> Asghar Farhadi: 2 movies</p><p> Bahman Ghobadi: 1 movie</p><p> Mohammad Rasoulof: 1 movie</P></div>,10 movies
20,Ireland,<div id='director'><P>David O'Reilly: 1 movie</p><p> John Carney: 1 movie</P></div>,2 movies
21,Israel,<div id='director'><P>Ari Folman: 2 movies</p><p> Elia Suleiman: 2 movies</p><p> Avi Nesher: 1 movie</p><p> Eran Riklis: 1 movie</p><p> Hany Abu-Assad: 1 movie</p><p> Scandar Copti: 1 movie</P></div>,8 movies
22,Italy,<div id='director'><P>Ermanno Olmi: 2 movies</p><p> Nanni Moretti: 2 movies</p><p> Franco Piavoli: 1 movie</p><p> Luca Guadagnino: 1 movie</p><p> Marco Bellocchio: 1 movie</p><p> Michelangelo Antonioni: 1 movie</p><p> Michelangelo Frammartino: 1 movie</p><p> Paolo Benvenuti: 1 movie</p><p> Paolo Sorrentino: 1 movie</p><p> Pietro Marcello: 1 movie</p><p> Roberto Benigni: 1 movie</p><p> Yervant Gianikian: 1 movie</P></div>,14 movies
23,Japan,<div id='director'><P>Hayao Miyazaki: 2 movies</p><p> Hirokazu Koreeda: 2 movies</p><p> Kiyoshi Kurosawa: 2 movies</p><p> Kinji Fukasaku: 1 movie</p><p> Naomi Kawase: 1 movie</p><p> Satoshi Kon: 1 movie</p><p> Sion Sono: 1 movie</p><p> Takahisa Zeze: 1 movie</p><p> Takeshi Kitano: 1 movie</P></div>,12 movies
24,Kenya,<div id='director'><P>Gurinder Chadha: 1 movie</P></div>,1 movie
25,Lebanon,<div id='director'><P>Nadine Labaki: 1 movie</P></div>,1 movie
26,Lithuania,<div id='director'><P>Jonas Mekas: 1 movie</P></div>,1 movie
27,Malaysia,<div id='director'><P>Ming-liang Tsai: 4 movies</P></div>,4 movies
28,Mauritania,<div id='director'><P>Abderrahmane Sissako: 2 movies</P></div>,2 movies
29,Mexico,<div id='director'><P>Alejandro G. Iñárritu: 4 movies</p><p> Alfonso Cuarón: 3 movies</p><p> Carlos Reygadas: 3 movies</p><p> Guillermo del Toro: 1 movie</P></div>,11 movies
30,New Zealand,<div id='director'><P>Peter Jackson: 2 movies</p><p> Andrew Adamson: 1 movie</p><p> Andrew Dominik: 1 movie</p><p> Jane Campion: 1 movie</p><p> Martin Campbell: 1 movie</p><p> Richard Curtis: 1 movie</P></div>,7 movies
31,Nigeria,<div id='director'><P>Newton I. Aduaka: 1 movie</p><p> Ngozi Onwurah: 1 movie</P></div>,2 movies
32,North Korea,<div id='director'><P>Sang-soo Hong: 1 movie</P></div>,1 movie
33,Papua New Guinea,<div id='director'><P>Henri Duparc: 1 movie</P></div>,1 movie
34,Philippines,<div id='director'><P>Lav Diaz: 2 movies</P></div>,2 movies
35,Poland,<div id='director'><P>Andrzej Wajda: 1 movie</p><p> Pawel Pawlikowski: 1 movie</P></div>,2 movies
36,Portugal,<div id='director'><P>Pedro Costa: 2 movies</p><p> João Pedro Rodrigues: 1 movie</p><p> Manoel de Oliveira: 1 movie</p><p> Miguel Gomes: 1 movie</P></div>,5 movies
37,Puerto Rico,<div id='director'><P>Miguel Arteta: 1 movie</P></div>,1 movie
38,Republic of Serbia,<div id='director'><P>Danis Tanovic: 1 movie</P></div>,1 movie
39,Romania,<div id='director'><P>Cristi Puiu: 1 movie</p><p> Cristian Mungiu: 1 movie</P></div>,2 movies
40,Russia,<div id='director'><P>Andrey Zvyagintsev: 3 movies</p><p> Aleksandr Sokurov: 1 movie</p><p> Aleksey Fedorchenko: 1 movie</p><p> Aleksey German: 1 movie</P></div>,6 movies
41,Senegal,<div id='director'><P>Ousmane Sembene: 1 movie</P></div>,1 movie
42,Singapore,<div id='director'><P>Junfeng Boo: 1 movie</P></div>,1 movie
43,Slovakia,<div id='director'><P>Tatiana Pauhofová: 1 movie</P></div>,1 movie
44,South Africa,<div id='director'><P>Neill Blomkamp: 1 movie</p><p> Oliver Schmitz: 1 movie</P></div>,2 movies
45,South Korea,<div id='director'><P>Joon-ho Bong: 3 movies</p><p> Chang-dong Lee: 2 movies</p><p> Chan-wook Park: 1 movie</p><p> Jee-woon Kim: 1 movie</p><p> Ki-duk Kim: 1 movie</P></div>,8 movies
46,Spain,<div id='director'><P>Pedro Almodóvar: 3 movies</p><p> Albert Serra: 1 movie</p><p> J.A. Bayona: 1 movie</p><p> Pablo Berger: 1 movie</P></div>,6 movies
47,Sweden,<div id='director'><P>Roy Andersson: 2 movies</p><p> Tomas Alfredson: 2 movies</p><p> Ingmar Bergman: 1 movie</p><p> Lukas Moodysson: 1 movie</P></div>,6 movies
48,Syria,<div id='director'><P>Ossama Mohammed: 1 movie</P></div>,1 movie
49,Taiwan,<div id='director'><P>Ang Lee: 2 movies</P></div>,2 movies
50,Thailand,<div id='director'><P>Apichatpong Weerasethakul: 4 movies</P></div>,4 movies
51,Tunisia,<div id='director'><P>Abdellatif Kechiche: 1 movie</P></div>,1 movie
52,Turkey,<div id='director'><P>Nuri Bilge Ceylan: 5 movies</P></div>,5 movies
53,Ukraine,<div id='director'><P>Andrzej Zulawski: 1 movie</P></div>,1 movie
54,United Kingdom,<div id='director'><P>Christopher Nolan: 4 movies</p><p> Jonathan Glazer: 3 movies</p><p> Stephen Frears: 3 movies</p><p> Steve McQueen: 3 movies</p><p> Andrea Arnold: 2 movies</p><p> Lynne Ramsay: 2 movies</p><p> Mike Leigh: 2 movies</p><p> Paul Greengrass: 2 movies</p><p> Terence Davies: 2 movies</p><p> Adam Curtis: 1 movie</p><p> Alex Garland: 1 movie</p><p> Amma Asante: 1 movie</p><p> Ana Lily Amirpour: 1 movie</p><p> Andrew Haigh: 1 movie</p><p> Asif Kapadia: 1 movie</p><p> Ben Wheatley: 1 movie</p><p> Carol Morley: 1 movie</p><p> Christopher Morris: 1 movie</p><p> Duncan Jones: 1 movie</p><p> Edgar Wright: 1 movie</p><p> Gareth Edwards: 1 movie</p><p> James Marsh: 1 movie</p><p> Joanna Hogg: 1 movie</p><p> Joe Cornish: 1 movie</p><p> John Akomfrah: 1 movie</p><p> Ken Loach: 1 movie</p><p> Michael Winterbottom: 1 movie</p><p> Peter Mullan: 1 movie</p><p> Ridley Scott: 1 movie</p><p> Sam Mendes: 1 movie</p><p> Shane Meadows: 1 movie</p><p> Stephen Daldry: 1 movie</p><p> Steven Knight: 1 movie</p><p> Terry George: 1 movie</p><p> Tomm Moore: 1 movie</p><p> Tony Scott: 1 movie</P></div>,50 movies
55,United States of America,<div id='director'><P>Clint Eastwood: 4 movies</p><p> David Fincher: 4 movies</p><p> Martin Scorsese: 4 movies</p><p> Paul Thomas Anderson: 4 movies</p><p> Richard Linklater: 4 movies</p><p> Adam McKay: 3 movies</p><p> Alexander Payne: 3 movies</p><p> Quentin Tarantino: 3 movies</p><p> Steven Spielberg: 3 movies</p><p> Terrence Malick: 3 movies</p><p> Wes Anderson: 3 movies</p><p> Andrew Stanton: 2 movies</p><p> Ava DuVernay: 2 movies</p><p> Brad Bird: 2 movies</p><p> Darren Aronofsky: 2 movies</p><p> David Lynch: 2 movies</p><p> David O. Russell: 2 movies</p><p> Ethan Coen: 2 movies</p><p> Gus Van Sant: 2 movies</p><p> James Gray: 2 movies</p><p> Kathryn Bigelow: 2 movies</p><p> Kenneth Lonergan: 2 movies</p><p> Michael Mann: 2 movies</p><p> Miranda July: 2 movies</p><p> Noah Baumbach: 2 movies</p><p> Sofia Coppola: 2 movies</p><p> Spike Lee: 2 movies</p><p> Steven Soderbergh: 2 movies</p><p> Woody Allen: 2 movies</p><p> Ben Stiller: 1 movie</p><p> Benh Zeitlin: 1 movie</p><p> Brian De Palma: 1 movie</p><p> Cameron Crowe: 1 movie</p><p> Carlos Haynes: 1 movie</p><p> Cary Joji Fukunaga: 1 movie</p><p> Charles Burnett: 1 movie</p><p> Chris Buck: 1 movie</p><p> Christopher Guest: 1 movie</p><p> Courtney Hunt: 1 movie</p><p> Damien Chazelle: 1 movie</p><p> David Wain: 1 movie</p><p> Debra Granik: 1 movie</p><p> Derek Cianfrance: 1 movie</p><p> Destin Daniel Cretton: 1 movie</p><p> Don Hertzfeldt: 1 movie</p><p> Duke Johnson: 1 movie</p><p> Eytan Fox: 1 movie</p><p> Francis Ford Coppola: 1 movie</p><p> Frederick Wiseman: 1 movie</p><p> Gina Prince-Bythewood: 1 movie</p><p> Greg Mottola: 1 movie</p><p> Harmony Korine: 1 movie</p><p> J.J. Abrams: 1 movie</p><p> Janie Geiser: 1 movie</p><p> Jeff Nichols: 1 movie</p><p> Jim Jarmusch: 1 movie</p><p> John Cameron Mitchell: 1 movie</p><p> Joseph Cedar: 1 movie</p><p> Joshua Oppenheimer: 1 movie</p><p> Joss Whedon: 1 movie</p><p> Julian Schnabel: 1 movie</p><p> Ken Jacobs: 1 movie</p><p> Kevin Costner: 1 movie</p><p> Larry Charles: 1 movie</p><p> Laurie Anderson: 1 movie</p><p> Lee Unkrich: 1 movie</p><p> Mark Neveldine: 1 movie</p><p> Mel Gibson: 1 movie</p><p> Michael Bay: 1 movie</p><p> Michael Felsher: 1 movie</p><p> Michael Moore: 1 movie</p><p> Mike Mills: 1 movie</p><p> Nick Cassavetes: 1 movie</p><p> Nina Paley: 1 movie</p><p> Patty Jenkins: 1 movie</p><p> Paul Feig: 1 movie</p><p> Pete Docter: 1 movie</p><p> Philip Kaufman: 1 movie</p><p> Philip S. Solomon: 1 movie</p><p> Ramin Bahrani: 1 movie</p><p> Rian Johnson: 1 movie</p><p> Richard Kelly: 1 movie</p><p> Rob Marshall: 1 movie</p><p> Robert Altman: 1 movie</p><p> Robert Greene: 1 movie</p><p> Robert Zemeckis: 1 movie</p><p> Ryan Coogler: 1 movie</p><p> S. Craig Zahler: 1 movie</p><p> Sam Raimi: 1 movie</p><p> Sean Baker: 1 movie</p><p> Shane Black: 1 movie</p><p> Shane Carruth: 1 movie</p><p> Shari Springer Berman: 1 movie</p><p> Sidney Lumet: 1 movie</p><p> Spike Jonze: 1 movie</p><p> Terry Zwigoff: 1 movie</p><p> Thom Andersen: 1 movie</p><p> Todd Haynes: 1 movie</p><p> Tom Ford: 1 movie</p><p> Tom McCarthy: 1 movie</p><p> Tommy Lee Jones: 1 movie</p><p> Tony Gilroy: 1 movie</p><p> Travis Wilkerson: 1 movie</p><p> Trey Parker: 1 movie</p><p> Whit Stillman: 1 movie</P></div>,150 movies
56,Venezuela,<div id='director'><P>Edgar Ramírez: 1 movie</P></div>,1 movie
